6ncs_A	6ncs_B	1.0	0.12147
7kih_A	7kih_B	1.0	0.0041732
6cgo_A	6cgo_B	1.0	0.0041853
6l8v_A	6l8v_B	1.0	0.85454
7e63_A	7e63_B	1.0	0.014261
6wxo_A	6wxo_B	1.0	0.0041803
7bcb_A	7bcb_B	1.0	0.0041914
6wk3_A	6wk3_B	1.0	0.13619
6fqr_A	6fqr_B	1.0	0.00426
7dka_A	7dka_B	1.0	0.0042767
6c0g_A	6c0g_B	1.0	0.0041835
7wbt_A	7wbt_B	1.0	0.0066541
6laf_A	6laf_B	1.0	0.0068599
5yjc_A	5yjc_B	1.0	0.0041771
7o21_A	7o21_B	1.0	0.0041762
6yf5_A	6yf5_B	1.0	0.0043128
7mwa_A	7mwa_B	1.0	0.0041914
6ecm_A	6ecm_B	1.0	0.0041795
6kkn_A	6kkn_B	1.0	0.0042483
6ys4_A	6ys4_B	1.0	0.0046304
5yox_A	5yox_B	1.0	0.0041915
6ghc_A	6ghc_B	1.0	0.0041774
5z2h_A	5z2h_B	1.0	0.016433
6e12_A	6e12_B	1.0	0.0042816
7arr_A	7arr_B	1.0	0.004175
7aal_A	7aal_B	1.0	0.14255
6vd9_A	6vd9_B	1.0	0.0041937
6s4q_A	6s4q_B	1.0	0.74712
6xfj_A	6xfj_B	1.0	0.66788
6gup_A	6gup_B	1.0	0.0042037
5ow2_A	5ow2_B	1.0	0.46797
6qwo_A	6qwo_B	1.0	0.0043111
6k4e_A	6k4e_B	1.0	0.0042008
6nk3_A	6nk3_B	1.0	0.0051507
6a27_A	6a27_B	1.0	0.0041751
6h59_A	6h59_B	1.0	0.0045613
6sa9_A	6sa9_B	1.0	0.029077
7dtl_A	7dtl_B	1.0	0.94767
6pbd_A	6pbd_B	1.0	0.031912
7cym_A	7cym_B	1.0	0.056664
6ltp_A	6ltp_B	1.0	0.004175
6g2g_A	6g2g_B	1.0	0.046695
5yug_A	5yug_B	1.0	0.004172
6ltz_A	6ltz_B	1.0	0.0041763
6kri_A	6kri_B	1.0	0.0082435
7dbl_A	7dbl_B	1.0	0.0041801
6xdc_A	6xdc_B	1.0	0.0041739
6o15_A	6o15_B	1.0	0.0041835
7q97_A	7q97_B	1.0	0.0041888
7au2_A	7au2_B	1.0	0.0046185
7bgs_A	7bgs_B	1.0	0.017722
6zb8_A	6zb8_B	1.0	0.0041742
6jza_A	6jza_B	1.0	0.0041815
6s0e_A	6s0e_B	1.0	0.0051928
7t8i_A	7t8i_B	1.0	0.0048205
6iak_A	6iak_B	1.0	0.98861
7d34_A	7d34_B	1.0	0.48628
7r4m_A	7r4m_B	1.0	0.0054147
7a0m_A	7a0m_B	1.0	0.11836
6w9z_A	6w9z_B	1.0	0.41156
6siz_A	6siz_B	1.0	0.32052
6w08_A	6w08_B	1.0	0.0043837
6pi4_A	6pi4_B	1.0	0.94971
7kl7_A	7kl7_B	1.0	0.052557
6xiv_A	6xiv_B	1.0	0.0042069
7p5c_A	7p5c_B	1.0	0.00418
6lul_A	6lul_B	1.0	0.0042346
6sqj_A	6sqj_B	1.0	0.0041991
7emy_A	7emy_B	1.0	0.0047276
6o2u_A	6o2u_B	1.0	0.0042079
7ep5_A	7ep5_B	1.0	0.83523
7blf_A	7blf_B	1.0	0.0043607
7bqg_A	7bqg_B	1.0	0.79803
5wec_A	5wec_B	1.0	0.0041751
6ju8_A	6ju8_B	1.0	0.025073
6g8w_A	6g8w_B	1.0	0.0041816
6lnd_A	6lnd_B	1.0	0.0075395
6sj8_A	6sj8_B	1.0	0.0041855
7o5y_A	7o5y_B	1.0	0.0041936
6n7o_A	6n7o_B	1.0	0.0051208
6yex_A	6yex_B	1.0	0.0041732
6zdu_A	6zdu_B	1.0	0.40306
7d2g_A	7d2g_B	1.0	0.88113
6dxr_A	6dxr_B	1.0	0.005932
6qaj_A	6qaj_B	1.0	0.0042218
6z4e_A	6z4e_B	1.0	0.0041787
6ahw_A	6ahw_B	1.0	0.0041813
7drj_A	7drj_B	1.0	0.16476
6yk8_A	6yk8_B	1.0	0.004174
6qvf_A	6qvf_B	1.0	0.0041801
6k62_A	6k62_B	1.0	0.0041785
6l2w_A	6l2w_B	1.0	0.30197
6sbs_A	6sbs_B	1.0	0.9674
6n7m_A	6n7m_B	1.0	0.95585
7f9h_A	7f9h_B	1.0	0.0041772
7k5n_A	7k5n_B	1.0	0.004179
6tek_A	6tek_B	1.0	0.0042086
7zal_A	7zal_B	1.0	0.010411
7vfo_A	7vfo_B	1.0	0.22958
7dm0_A	7dm0_B	1.0	0.50862
7msl_A	7msl_B	1.0	0.81663
6lpw_A	6lpw_B	1.0	0.0041783
7jrk_A	7jrk_B	1.0	0.0041776
7r5y_A	7r5y_B	1.0	0.0041763
6yjd_A	6yjd_B	1.0	0.0042758
6tgk_A	6tgk_B	1.0	0.0041773
6p74_A	6p74_B	1.0	0.74338
6h8f_A	6h8f_B	1.0	0.0046545
7c7e_A	7c7e_B	1.0	0.11353
7eev_A	7eev_B	1.0	0.0041768
7t8o_A	7t8o_B	1.0	0.0041786
6iu5_A	6iu5_B	1.0	0.53887
7stl_A	7stl_B	1.0	0.025935
5xp0_A	5xp0_B	1.0	0.022946
7s0r_A	7s0r_B	1.0	0.0049858
6tl8_A	6tl8_B	1.0	0.012208
7dut_A	7dut_B	1.0	0.0047966
6dz6_A	6dz6_B	1.0	0.005932
6g1c_A	6g1c_B	1.0	0.068808
6d3v_A	6d3v_B	1.0	0.79553
6k38_A	6k38_B	1.0	0.010441
6lk7_A	6lk7_B	1.0	0.0041834
6w6b_A	6w6b_B	1.0	0.10665
6ya2_A	6ya2_B	1.0	0.0047513
6lac_A	6lac_B	1.0	0.0041763
6k95_A	6k95_B	1.0	0.0041759
6liy_A	6liy_B	1.0	0.034901
6nqy_A	6nqy_B	1.0	0.49168
6le1_A	6le1_B	1.0	0.95434
7ccb_A	7ccb_B	1.0	0.0041736
6vwo_A	6vwo_B	1.0	0.0049956
6njy_A	6njy_B	1.0	0.0041767
6juf_A	6juf_B	1.0	0.0041745
7ads_A	7ads_B	1.0	0.0044014
6tp5_A	6tp5_B	1.0	0.012113
6hhb_A	6hhb_B	1.0	0.0087253
7al1_A	7al1_B	1.0	0.91002
7f7p_A	7f7p_B	1.0	0.97166
6nag_A	6nag_B	1.0	0.0041767
7ppp_A	7ppp_B	1.0	0.0041795
6a0n_A	6a0n_B	1.0	0.51333
7cf7_A	7cf7_B	1.0	0.0041812
6tjr_A	6tjr_B	1.0	0.098076
6ket_A	6ket_B	1.0	0.0042271
6xfu_A	6xfu_B	1.0	0.30511
6snz_A	6snz_B	1.0	0.95852
7e4j_A	7e4j_B	1.0	0.0045885
7dnu_A	7dnu_B	1.0	0.0041729
7cbs_A	7cbs_B	1.0	0.0041792
5xyb_A	5xyb_B	1.0	0.0041749
6c3r_A	6c3r_B	1.0	0.0041784
7c6i_A	7c6i_B	1.0	0.0046284
6s33_A	6s33_B	1.0	0.49123
6r5j_A	6r5j_B	1.0	0.004213
6su3_A	6su3_B	1.0	0.21704
6r23_A	6r23_B	1.0	0.0041746
7ntf_A	7ntf_B	1.0	0.0046353
7duw_A	7duw_B	1.0	0.0041935
7ae6_A	7ae6_B	1.0	0.0049075
7f7c_A	7f7c_B	1.0	0.0041761
6hbz_A	6hbz_B	1.0	0.34435
6t4d_A	6t4d_B	1.0	0.04883
7she_A	7she_B	1.0	0.0041755
6hq2_A	6hq2_B	1.0	0.0041772
7vfk_A	7vfk_B	1.0	0.25215
7c0q_A	7c0q_B	1.0	0.0041793
7kv7_A	7kv7_B	1.0	0.35066
6ghs_A	6ghs_B	1.0	0.0041758
6g6s_A	6g6s_B	1.0	0.92645
7e8r_A	7e8r_B	1.0	0.0041762
6fp5_A	6fp5_B	1.0	0.0041741
6j38_A	6j38_B	1.0	0.0059173
6jkg_A	6jkg_B	1.0	0.36286
7dwm_A	7dwm_B	1.0	0.16214
6s3k_A	6s3k_B	1.0	0.0087852
6l0t_A	6l0t_B	1.0	0.00427
7qvb_A	7qvb_B	1.0	0.0041898
7f9j_A	7f9j_B	1.0	0.0041754
5zke_A	5zke_B	1.0	0.025211
6hee_A	6hee_B	1.0	0.0049938
6mwl_A	6mwl_B	1.0	0.0042813
6vij_A	6vij_B	1.0	0.060877
6l6g_A	6l6g_B	1.0	0.0041753
6gf8_A	6gf8_B	1.0	0.22427
6rn5_A	6rn5_B	1.0	0.0041765
5nl6_A	5nl6_B	1.0	0.93217
6uxq_A	6uxq_B	1.0	0.96976
7n0l_A	7n0l_B	1.0	0.0041743
6d1p_A	6d1p_B	1.0	0.0041772
6dj3_A	6dj3_B	1.0	0.0041775
6l4b_A	6l4b_B	1.0	0.0041742
6u8t_A	6u8t_B	1.0	0.0041767
6k5g_A	6k5g_B	1.0	0.18516
6dlo_A	6dlo_B	1.0	0.0041753
6bk4_A	6bk4_B	1.0	0.0041848
5zes_A	5zes_B	1.0	0.098372
6rnq_A	6rnq_B	1.0	0.0041759
6yhh_A	6yhh_B	1.0	0.004208
6gyg_A	6gyg_B	1.0	0.015409
6qj6_A	6qj6_B	1.0	0.45372
6a4v_A	6a4v_B	1.0	0.0058423
7uh4_A	7uh4_B	1.0	0.11712
7dpe_A	7dpe_B	1.0	0.0041732
6fh4_A	6fh4_B	1.0	0.047697
6xz3_A	6xz3_B	1.0	0.0041754
7twa_A	7twa_B	1.0	0.0044529
7wsj_A	7wsj_B	1.0	0.026323
6jyk_A	6jyk_B	1.0	0.92933
7ep3_A	7ep3_B	1.0	0.70133
6tdd_A	6tdd_B	1.0	0.00424
6sid_A	6sid_B	1.0	0.0041752
7cv7_A	7cv7_B	1.0	0.0041732
7p7w_A	7p7w_B	1.0	0.65473
6yxa_A	6yxa_B	1.0	0.0059165
6l6w_A	6l6w_B	1.0	0.031293
6gh3_A	6gh3_B	1.0	0.0042163
7tkv_A	7tkv_B	1.0	0.0071108
7c23_A	7c23_B	1.0	0.004317
6ur7_A	6ur7_B	1.0	0.004226
6nb0_A	6nb0_B	1.0	0.0050982
7mbw_A	7mbw_B	1.0	0.3042
7s03_A	7s03_B	1.0	0.0041767
5ydd_A	5ydd_B	1.0	0.0049549
7nf7_A	7nf7_B	1.0	0.0094649
6g7b_A	6g7b_B	1.0	0.0041761
6tgp_A	6tgp_B	1.0	0.0041775
6a56_A	6a56_B	1.0	0.004176
6l9u_A	6l9u_B	1.0	0.061963
6ksy_A	6ksy_B	1.0	0.016806
6y86_A	6y86_B	1.0	0.0052218
6c6n_A	6c6n_B	1.0	0.6842
7jl6_A	7jl6_B	1.0	0.92865
6r22_A	6r22_B	1.0	0.0041746
6za2_A	6za2_B	1.0	0.0074909
6fju_A	6fju_B	1.0	0.96718
6a29_A	6a29_B	1.0	0.0041748
6oid_A	6oid_B	1.0	0.58893
7eft_A	7eft_B	1.0	0.0053622
6h24_A	6h24_B	1.0	0.0041778
6qm2_A	6qm2_B	1.0	0.0041808
7c8f_A	7c8f_B	1.0	0.0041925
6cfy_A	6cfy_B	1.0	0.8496
6w40_A	6w40_B	1.0	0.22492
6u1q_A	6u1q_B	1.0	0.97903
7agw_A	7agw_B	1.0	0.34038
7eme_A	7eme_B	1.0	0.65477
6u81_A	6u81_B	1.0	0.28162
6vpe_A	6vpe_B	1.0	0.0048283
6nx3_A	6nx3_B	1.0	0.0041891
7qyd_A	7qyd_B	1.0	0.0041908
6qla_A	6qla_B	1.0	0.0041845
7vu5_A	7vu5_B	1.0	0.59519
6fco_A	6fco_B	1.0	0.23951
6kew_A	6kew_B	1.0	0.0041837
6y93_A	6y93_B	1.0	0.70208
6dk7_A	6dk7_B	1.0	0.028402
6lf2_A	6lf2_B	1.0	0.017478
6wao_A	6wao_B	1.0	0.0058647
6np6_A	6np6_B	1.0	0.0041792
7c4o_A	7c4o_B	1.0	0.84759
6xfi_A	6xfi_B	1.0	0.98563
7r65_A	7r65_B	1.0	0.0064575
6htj_A	6htj_B	1.0	0.74829
5wb4_A	5wb4_B	1.0	0.51366
6ptg_A	6ptg_B	1.0	0.057018
6qti_A	6qti_B	1.0	0.028259
5ze7_A	5ze7_B	1.0	0.098372
6kd6_A	6kd6_B	1.0	0.17504
7bbq_A	7bbq_B	1.0	0.0041914
6mn6_A	6mn6_B	1.0	0.68303
7e4m_A	7e4m_B	1.0	0.0041885
7edb_A	7edb_B	1.0	0.0041762
6p40_A	6p40_B	1.0	0.0041798
7lqx_A	7lqx_B	1.0	0.0041861
7txn_A	7txn_B	1.0	0.046514
6xmb_A	6xmb_B	1.0	0.95702
7rwm_A	7rwm_B	1.0	0.0041761
7sb2_A	7sb2_B	1.0	0.007439
6qpk_A	6qpk_B	1.0	0.0041971
6mfo_A	6mfo_B	1.0	0.012448
6r60_A	6r60_B	1.0	0.0041827
6kkt_A	6kkt_B	1.0	0.0041791
7tuk_A	7tuk_B	1.0	0.0041718
7n34_A	7n34_B	1.0	0.0058699
6qlc_A	6qlc_B	1.0	0.0041782
6st4_A	6st4_B	1.0	0.0041742
5yeu_A	5yeu_B	1.0	0.0041742
6kju_A	6kju_B	1.0	0.90553
6j6f_A	6j6f_B	1.0	0.0046158
5ycz_A	5ycz_B	1.0	0.019111
7dns_A	7dns_B	1.0	0.90421
5yad_A	5yad_B	1.0	0.0042054
6bxz_A	6bxz_B	1.0	0.0041783
6efw_A	6efw_B	1.0	0.0042088
7c5y_A	7c5y_B	1.0	0.0041911
6ty0_A	6ty0_B	1.0	0.0041742
7l49_A	7l49_B	1.0	0.021592
6nx5_A	6nx5_B	1.0	0.97022
6jqy_A	6jqy_B	1.0	0.004197
6hhk_A	6hhk_B	1.0	0.0041806
6o5k_A	6o5k_B	1.0	0.0052131
6j52_A	6j52_B	1.0	0.97613
6ka3_A	6ka3_B	1.0	0.88743
6m4f_A	6m4f_B	1.0	0.012877
6ea8_A	6ea8_B	1.0	0.0043181
7l6g_A	7l6g_B	1.0	0.0041798
7esw_A	7esw_B	1.0	0.93344
6fpf_A	6fpf_B	1.0	0.0041763
6zi1_A	6zi1_B	1.0	0.41126
6ny5_A	6ny5_B	1.0	0.0042698
7n0z_A	7n0z_B	1.0	0.93786
6igv_A	6igv_B	1.0	0.1393
6iz2_A	6iz2_B	1.0	0.0042288
7rtu_A	7rtu_B	1.0	0.0061887
7m96_A	7m96_B	1.0	0.0041951
6jie_A	6jie_B	1.0	0.0041804
7v6p_A	7v6p_B	1.0	0.0041832
6xrb_A	6xrb_B	1.0	0.004177
6ekr_A	6ekr_B	1.0	0.0041737
6hlu_A	6hlu_B	1.0	0.0041827
6jsd_A	6jsd_B	1.0	0.43711
6dkk_A	6dkk_B	1.0	0.0041803
7fh1_A	7fh1_B	1.0	0.0041796
7dw5_A	7dw5_B	1.0	0.10312
7mrj_A	7mrj_B	1.0	0.51322
6lta_A	6lta_B	1.0	0.0063635
7rmx_A	7rmx_B	1.0	0.71668
6iwj_A	6iwj_B	1.0	0.0042112
5xxz_A	5xxz_B	1.0	0.0055795
6mlu_A	6mlu_B	1.0	0.0045087
7b5w_A	7b5w_B	1.0	0.08901
6rfg_A	6rfg_B	1.0	0.0041764
6ft5_A	6ft5_B	1.0	0.076518
6z0f_A	6z0f_B	1.0	0.2535
6cpd_A	6cpd_B	1.0	0.077425
6izv_A	6izv_B	1.0	0.95518
7ped_A	7ped_B	1.0	0.16745
7nto_A	7nto_B	1.0	0.80861
6npl_A	6npl_B	1.0	0.0042065
7czg_A	7czg_B	1.0	0.48716
7e0w_A	7e0w_B	1.0	0.004315
6wb3_A	6wb3_B	1.0	0.41225
6k5x_A	6k5x_B	1.0	0.60526
6fh1_A	6fh1_B	1.0	0.0041769
6wig_A	6wig_B	1.0	0.82872
7lh6_A	7lh6_B	1.0	0.94978
7oom_A	7oom_B	1.0	0.95955
6tcb_A	6tcb_B	1.0	0.0041811
6wbe_A	6wbe_B	1.0	0.00438
6ra0_A	6ra0_B	1.0	0.0041768
6oib_A	6oib_B	1.0	0.122
6wlg_A	6wlg_B	1.0	0.0041758
6fan_A	6fan_B	1.0	0.0041776
6eko_A	6eko_B	1.0	0.0041749
5ykz_A	5ykz_B	1.0	0.18273
6rk1_A	6rk1_B	1.0	0.24394
7dqg_A	7dqg_B	1.0	0.9594
6mxv_A	6mxv_B	1.0	0.0041756
6fxr_A	6fxr_B	1.0	0.016324
6zts_A	6zts_B	1.0	0.0043486
6sa7_A	6sa7_B	1.0	0.86953
6efy_A	6efy_B	1.0	0.0048877
6juv_A	6juv_B	1.0	0.0042755
5xvj_A	5xvj_B	1.0	0.0041789
7jw6_A	7jw6_B	1.0	0.0041747
6hqz_A	6hqz_B	1.0	0.0041746
6si6_A	6si6_B	1.0	0.0041754
7po9_A	7po9_B	1.0	0.0041737
7f20_A	7f20_B	1.0	0.38298
6qvp_A	6qvp_B	1.0	0.92613
6a7s_A	6a7s_B	1.0	0.68032
7cm9_A	7cm9_B	1.0	0.0081424
7dl3_A	7dl3_B	1.0	0.0095372
6p8p_A	6p8p_B	1.0	0.0041737
6yge_A	6yge_B	1.0	0.0054491
5od9_A	5od9_B	1.0	0.96047
7f2f_A	7f2f_B	1.0	0.96228
6oei_A	6oei_B	1.0	0.073652
5zi6_A	5zi6_B	1.0	0.0041873
6e4h_A	6e4h_B	1.0	0.47797
6c5d_A	6c5d_B	1.0	0.077788
6wt5_A	6wt5_B	1.0	0.0041798
7c4h_A	7c4h_B	1.0	0.02655
7ess_A	7ess_B	1.0	0.0083655
6nd7_A	6nd7_B	1.0	0.0044777
6m31_A	6m31_B	1.0	0.31539
6oht_A	6oht_B	1.0	0.0041758
7c5z_A	7c5z_B	1.0	0.004174
7oc5_A	7oc5_B	1.0	0.0041845
6jhu_A	6jhu_B	1.0	0.004175
6uak_A	6uak_B	1.0	0.0042092
7r9g_A	7r9g_B	1.0	0.0051284
6jl9_A	6jl9_B	1.0	0.0041826
6i6u_A	6i6u_B	1.0	0.004179
6z3n_A	6z3n_B	1.0	0.067222
6jhv_A	6jhv_B	1.0	0.0041786
5zkt_A	5zkt_B	1.0	0.0041806
6k5s_A	6k5s_B	1.0	0.0041768
6ryi_A	6ryi_B	1.0	0.94594
6jtz_A	6jtz_B	1.0	0.0042247
6eys_A	6eys_B	1.0	0.0042339
5zne_A	5zne_B	1.0	0.0041938
7lji_A	7lji_B	1.0	0.0043577
6t0q_A	6t0q_B	1.0	0.0080532
6x1l_A	6x1l_B	1.0	0.0041732
6dm3_A	6dm3_B	1.0	0.12453
6n4x_A	6n4x_B	1.0	0.13869
6iqe_A	6iqe_B	1.0	0.67518
7u8t_A	7u8t_B	1.0	0.0041761
6y7f_A	6y7f_B	1.0	0.0041877
6r45_A	6r45_B	1.0	0.0041754
6k6l_A	6k6l_B	1.0	0.0041856
6hzk_A	6hzk_B	1.0	0.14072
6yqq_A	6yqq_B	1.0	0.00418
6ttl_A	6ttl_B	1.0	0.0061676
5yo8_A	5yo8_B	1.0	0.0042949
7rwk_A	7rwk_B	1.0	0.0041754
7v2s_A	7v2s_B	1.0	0.0041964
6u7l_A	6u7l_B	1.0	0.015525
6z7o_A	6z7o_B	1.0	0.0041807
6vhy_A	6vhy_B	1.0	0.084687
6ij2_A	6ij2_B	1.0	0.0058108
7ksp_A	7ksp_B	1.0	0.0042433
6mbi_A	6mbi_B	1.0	0.0041795
5yet_A	5yet_B	1.0	0.0041749
6leb_A	6leb_B	1.0	0.020682
6hlk_A	6hlk_B	1.0	0.76688
7lq2_A	7lq2_B	1.0	0.0041863
6isk_A	6isk_B	1.0	0.93799
7crn_A	7crn_B	1.0	0.0041775
6imj_A	6imj_B	1.0	0.0041733
7tae_A	7tae_B	1.0	0.020258
7d54_A	7d54_B	1.0	0.9845
6ytu_A	6ytu_B	1.0	0.0041731
6r2f_A	6r2f_B	1.0	0.80668
6sek_A	6sek_B	1.0	0.0041794
6ae9_A	6ae9_B	1.0	0.56074
6vd8_A	6vd8_B	1.0	0.0041758
6q2z_A	6q2z_B	1.0	0.92871
7bil_A	7bil_B	1.0	0.98442
6v7u_A	6v7u_B	1.0	0.0041763
6oaw_A	6oaw_B	1.0	0.0041752
7ebs_A	7ebs_B	1.0	0.0041753
6sm4_A	6sm4_B	1.0	0.16838
6yxe_A	6yxe_B	1.0	0.49389
6x6f_A	6x6f_B	1.0	0.0042083
6dx5_A	6dx5_B	1.0	0.004174
6n2m_A	6n2m_B	1.0	0.062901
6l5h_A	6l5h_B	1.0	0.95218
6cmk_A	6cmk_B	1.0	0.0041792
6i1r_A	6i1r_B	1.0	0.0041743
6k17_A	6k17_B	1.0	0.062193
6ggo_A	6ggo_B	1.0	0.0041848
6khy_A	6khy_B	1.0	0.0063037
7f9i_A	7f9i_B	1.0	0.0041772
6ro6_A	6ro6_B	1.0	0.0041734
6h56_A	6h56_B	1.0	0.00459
6m10_A	6m10_B	1.0	0.48969
7ocz_A	7ocz_B	1.0	0.0041742
6hxa_A	6hxa_B	1.0	0.0041759
7unl_A	7unl_B	1.0	0.004173
7a0h_A	7a0h_B	1.0	0.0041748
7rrm_A	7rrm_B	1.0	0.85638
6r80_A	6r80_B	1.0	0.84299
7jwf_A	7jwf_B	1.0	0.0042353
7dfe_A	7dfe_B	1.0	0.43104
6a57_A	6a57_B	1.0	0.0041724
6q40_A	6q40_B	1.0	0.0046634
5w6l_A	5w6l_B	1.0	0.0050004
7jqe_A	7jqe_B	1.0	0.0042708
6lkx_A	6lkx_B	1.0	0.33736
6tv2_A	6tv2_B	1.0	0.0041829
6ki2_A	6ki2_B	1.0	0.0042321
7eqb_A	7eqb_B	1.0	0.0051837
6j9k_A	6j9k_B	1.0	0.004182
8dgg_A	8dgg_B	1.0	0.0041853
6pkh_A	6pkh_B	1.0	0.0041756
6e52_A	6e52_B	1.0	0.043209
6yf6_A	6yf6_B	1.0	0.84437
7o7a_A	7o7a_B	1.0	0.0056867
7m1a_A	7m1a_B	1.0	0.017766
5yek_A	5yek_B	1.0	0.0042707
6hwl_A	6hwl_B	1.0	0.0041754
6x2d_A	6x2d_B	1.0	0.70074
6ecw_A	6ecw_B	1.0	0.023966
6iuf_A	6iuf_B	1.0	0.075112
7l2a_A	7l2a_B	1.0	0.013138
5y7d_A	5y7d_B	1.0	0.0041754
6ig4_A	6ig4_B	1.0	0.0041754
6sgf_A	6sgf_B	1.0	0.019809
6k0w_A	6k0w_B	1.0	0.0058932
6mgv_A	6mgv_B	1.0	0.006799
7pvh_A	7pvh_B	1.0	0.0041754
6dhv_A	6dhv_B	1.0	0.56987
7tzv_A	7tzv_B	1.0	0.0041829
7ocs_A	7ocs_B	1.0	0.0056108
7dxy_A	7dxy_B	1.0	0.0041799
5xll_A	5xll_B	1.0	0.026031
7aed_A	7aed_B	1.0	0.0043551
7d9m_A	7d9m_B	1.0	0.0058975
6m6q_A	6m6q_B	1.0	0.0041745
7dvn_A	7dvn_B	1.0	0.0045105
6yfi_A	6yfi_B	1.0	0.0063352
6fde_A	6fde_B	1.0	0.026699
6sbw_A	6sbw_B	1.0	0.46979
5y4g_A	5y4g_B	1.0	0.0041763
6vbk_A	6vbk_B	1.0	0.0041749
6ahp_A	6ahp_B	1.0	0.0041735
7feo_A	7feo_B	1.0	0.0043704
6t88_A	6t88_B	1.0	0.0062414
7o4e_A	7o4e_B	1.0	0.051391
6jsx_A	6jsx_B	1.0	0.0045084
5xor_A	5xor_B	1.0	0.004178
6z26_A	6z26_B	1.0	0.9676
5w4a_A	5w4a_B	1.0	0.0041754
7dtr_A	7dtr_B	1.0	0.0041737
7qb9_A	7qb9_B	1.0	0.0041793
6vvg_A	6vvg_B	1.0	0.92985
6noy_A	6noy_B	1.0	0.0041817
6jbd_A	6jbd_B	1.0	0.0041777
6jvv_A	6jvv_B	1.0	0.023319
6tjd_A	6tjd_B	1.0	0.0041952
7nxg_A	7nxg_B	1.0	0.0041765
5zmu_A	5zmu_B	1.0	0.0063359
6c30_A	6c30_B	1.0	0.9619
6eyx_A	6eyx_B	1.0	0.0041764
7ct3_A	7ct3_B	1.0	0.004173
6hej_A	6hej_B	1.0	0.0041757
6awl_A	6awl_B	1.0	0.90207
6ryd_A	6ryd_B	1.0	0.94594
6no6_A	6no6_B	1.0	0.96231
6uv8_A	6uv8_B	1.0	0.72203
7vw0_A	7vw0_B	1.0	0.97673
7pty_A	7pty_B	1.0	0.004353
6pal_A	6pal_B	1.0	0.0041822
6chj_A	6chj_B	1.0	0.0041793
6mag_A	6mag_B	1.0	0.0041744
6ptl_A	6ptl_B	1.0	0.011473
6abr_A	6abr_B	1.0	0.24359
7poh_A	7poh_B	1.0	0.48865
7f8f_A	7f8f_B	1.0	0.0041787
6mvu_A	6mvu_B	1.0	0.91458
7vkx_A	7vkx_B	1.0	0.0041741
6xgw_A	6xgw_B	1.0	0.0055236
6ign_A	6ign_B	1.0	0.18297
6r6u_A	6r6u_B	1.0	0.0041767
7kqu_A	7kqu_B	1.0	0.0041773
7rtm_A	7rtm_B	1.0	0.0041792
6wku_A	6wku_B	1.0	0.0041751
6tdn_A	6tdn_B	1.0	0.94949
6p1a_A	6p1a_B	1.0	0.0041737
6cbc_A	6cbc_B	1.0	0.004286
7wwn_A	7wwn_B	1.0	0.0041794
6g3b_A	6g3b_B	1.0	0.26599
6f1e_A	6f1e_B	1.0	0.004183
5xua_A	5xua_B	1.0	0.12056
6hcz_A	6hcz_B	1.0	0.49653
7mrm_A	7mrm_B	1.0	0.82681
7os7_A	7os7_B	1.0	0.0041799
7oc3_A	7oc3_B	1.0	0.1802
6l2u_A	6l2u_B	1.0	0.10358
6san_A	6san_B	1.0	0.51548
6tct_A	6tct_B	1.0	0.0041733
7d62_A	7d62_B	1.0	0.0041767
7vwt_A	7vwt_B	1.0	0.0041787
7m0q_A	7m0q_B	1.0	0.91394
6hat_A	6hat_B	1.0	0.0041823
7ls0_A	7ls0_B	1.0	0.0041767
6i5b_A	6i5b_B	1.0	0.58283
7tb6_A	7tb6_B	1.0	0.0609
7d2w_A	7d2w_B	1.0	0.91507
6a2w_A	6a2w_B	1.0	0.004175
6uxu_A	6uxu_B	1.0	0.018897
7lu4_A	7lu4_B	1.0	0.0052579
6fg9_A	6fg9_B	1.0	0.0041897
7vpu_A	7vpu_B	1.0	0.0042043
5yz1_A	5yz1_B	1.0	0.36279
7ai3_A	7ai3_B	1.0	0.67015
6bqc_A	6bqc_B	1.0	0.90451
7oyk_A	7oyk_B	1.0	0.97333
6qeq_A	6qeq_B	1.0	0.0041794
6p3x_A	6p3x_B	1.0	0.0041803
6lk3_A	6lk3_B	1.0	0.0041957
6j8l_A	6j8l_B	1.0	0.95881
7epq_A	7epq_B	1.0	0.83719
6j3a_A	6j3a_B	1.0	0.0044044
6abs_A	6abs_B	1.0	0.98068
7eih_A	7eih_B	1.0	0.017831
6ak3_A	6ak3_B	1.0	0.71055
6nqz_A	6nqz_B	1.0	0.0047851
7drg_A	7drg_B	1.0	0.0041759
7b6b_A	7b6b_B	1.0	0.0041877
6y1y_A	6y1y_B	1.0	0.0041828
7nlh_A	7nlh_B	1.0	0.13641
6otn_A	6otn_B	1.0	0.45605
7jx6_A	7jx6_B	1.0	0.92563
6h7a_A	6h7a_B	1.0	0.65342
7os5_A	7os5_B	1.0	0.004175
7dus_A	7dus_B	1.0	0.0084035
6fhg_A	6fhg_B	1.0	0.97586
6j6a_A	6j6a_B	1.0	0.0041749
7fdn_A	7fdn_B	1.0	0.0041766
6lgx_A	6lgx_B	1.0	0.0041769
6lzh_A	6lzh_B	1.0	0.0041746
6gdj_A	6gdj_B	1.0	0.0041922
6b9o_A	6b9o_B	1.0	0.0041834
6cv7_A	6cv7_B	1.0	0.015942
6pwk_A	6pwk_B	1.0	0.0043795
6a4t_A	6a4t_B	1.0	0.96191
6sul_A	6sul_B	1.0	0.0041747
6nwx_A	6nwx_B	1.0	0.96129
6hiu_A	6hiu_B	1.0	0.44919
6wsm_A	6wsm_B	1.0	0.75407
6nki_A	6nki_B	1.0	0.0043968
6nnw_A	6nnw_B	1.0	0.0041858
6hxv_A	6hxv_B	1.0	0.13644
6fjw_A	6fjw_B	1.0	0.0041734
6zpm_A	6zpm_B	1.0	0.95433
7f52_A	7f52_B	1.0	0.0086807
6nf4_A	6nf4_B	1.0	0.0041731
7dvr_A	7dvr_B	1.0	0.0041764
6iya_A	6iya_B	1.0	0.39749
7c67_A	7c67_B	1.0	0.0046263
7tze_A	7tze_B	1.0	0.0042334
7mzy_A	7mzy_B	1.0	0.0041927
6xl1_A	6xl1_B	1.0	0.0041756
7vjn_A	7vjn_B	1.0	0.0041755
7ut4_A	7ut4_B	1.0	0.010552
7pzg_A	7pzg_B	1.0	0.0041868
6jc4_A	6jc4_B	1.0	0.042628
7b1l_A	7b1l_B	1.0	0.17931
6onw_A	6onw_B	1.0	0.0041836
5znm_A	5znm_B	1.0	0.0041769
7f40_A	7f40_B	1.0	0.004192
6dk9_A	6dk9_B	1.0	0.0041832
6hfg_A	6hfg_B	1.0	0.091267
6g70_A	6g70_B	1.0	0.13224
6n2u_A	6n2u_B	1.0	0.46976
6npc_A	6npc_B	1.0	0.031651
7nza_A	7nza_B	1.0	0.0041841
6bn0_A	6bn0_B	1.0	0.8082
5wd6_A	5wd6_B	1.0	0.25251
7msk_A	7msk_B	1.0	0.72563
6vz0_A	6vz0_B	1.0	0.29641
7ajl_A	7ajl_B	1.0	0.096697
6ifb_A	6ifb_B	1.0	0.004245
6l5j_A	6l5j_B	1.0	0.025473
6gza_A	6gza_B	1.0	0.1243
6sj3_A	6sj3_B	1.0	0.0082927
6f7l_A	6f7l_B	1.0	0.067251
7p1j_A	7p1j_B	1.0	0.0043397
6p1e_A	6p1e_B	1.0	0.0042437
7ofl_A	7ofl_B	1.0	0.0041787
7duf_A	7duf_B	1.0	0.91279
7wkw_A	7wkw_B	1.0	0.0044615
6ok3_A	6ok3_B	1.0	0.0043725
7zcv_A	7zcv_B	1.0	0.13183
7pjo_A	7pjo_B	1.0	0.0041787
7k3h_A	7k3h_B	1.0	0.1426
6fpd_A	6fpd_B	1.0	0.81146
6lxx_A	6lxx_B	1.0	0.0041826
6fcx_A	6fcx_B	1.0	0.074044
7cfa_A	7cfa_B	1.0	0.0041735
7br1_A	7br1_B	1.0	0.0045922
6nf3_A	6nf3_B	1.0	0.005932
7jjv_A	7jjv_B	1.0	0.0041806
6e8a_A	6e8a_B	1.0	0.0041781
7q6j_A	7q6j_B	1.0	0.95291
6d2w_A	6d2w_B	1.0	0.0042504
6ymn_A	6ymn_B	1.0	0.19246
7el6_A	7el6_B	1.0	0.76475
6tp9_A	6tp9_B	1.0	0.86112
6i1a_A	6i1a_B	1.0	0.0041778
7ncy_A	7ncy_B	1.0	0.95883
6omi_A	6omi_B	1.0	0.0041778
6gf6_A	6gf6_B	1.0	0.22427
6grs_A	6grs_B	1.0	0.76815
6wmm_A	6wmm_B	1.0	0.55228
6f03_A	6f03_B	1.0	0.011281
6xor_A	6xor_B	1.0	0.91126
7v4o_A	7v4o_B	1.0	0.49682
5zle_A	5zle_B	1.0	0.004174
6zrw_A	6zrw_B	1.0	0.0041752
7trv_A	7trv_B	1.0	0.0549
7voj_A	7voj_B	1.0	0.0041749
7lga_A	7lga_B	1.0	0.95437
7cu9_A	7cu9_B	1.0	0.031432
6d6y_A	6d6y_B	1.0	0.0091884
6tvp_A	6tvp_B	1.0	0.57816
6lhs_A	6lhs_B	1.0	0.0065605
6l3q_A	6l3q_B	1.0	0.0067969
6db1_A	6db1_B	1.0	0.0041924
7tjl_A	7tjl_B	1.0	0.93223
7bjg_A	7bjg_B	1.0	0.0044219
6al9_A	6al9_B	1.0	0.95208
5mlq_A	5mlq_B	1.0	0.004176
7cma_A	7cma_B	1.0	0.0041758
6k31_A	6k31_B	1.0	0.0042697
7fcl_A	7fcl_B	1.0	0.7377
7bgf_A	7bgf_B	1.0	0.9817
6bsu_A	6bsu_B	1.0	0.0063842
6gu1_A	6gu1_B	1.0	0.42107
6ulw_A	6ulw_B	1.0	0.026901
6pce_A	6pce_B	1.0	0.93897
6o14_A	6o14_B	1.0	0.49744
6ubl_A	6ubl_B	1.0	0.0041771
6ohz_A	6ohz_B	1.0	0.0041736
6dqx_A	6dqx_B	1.0	0.0041779
7cjn_A	7cjn_B	1.0	0.0058975
7ag9_A	7ag9_B	1.0	0.021648
7vu7_A	7vu7_B	1.0	0.0095102
5ya6_A	5ya6_B	1.0	0.96073
6lg2_A	6lg2_B	1.0	0.74203
7kpo_A	7kpo_B	1.0	0.0042335
5ztm_A	5ztm_B	1.0	0.92512
6fdm_A	6fdm_B	1.0	0.90388
6lj9_A	6lj9_B	1.0	0.0041784
6okh_A	6okh_B	1.0	0.0041756
7ovp_A	7ovp_B	1.0	0.79725
7e2r_A	7e2r_B	1.0	0.49734
6efn_A	6efn_B	1.0	0.0041735
7da9_A	7da9_B	1.0	0.0043025
6p7j_A	6p7j_B	1.0	0.019778
6whp_A	6whp_B	1.0	0.0041772
5xwe_A	5xwe_B	1.0	0.004191
7u2s_A	7u2s_B	1.0	0.92998
7c64_A	7c64_B	1.0	0.0046263
7wwb_A	7wwb_B	1.0	0.0041734
6j4d_A	6j4d_B	1.0	0.48187
6gto_A	6gto_B	1.0	0.94947
6jq1_A	6jq1_B	1.0	0.10559
6zdw_A	6zdw_B	1.0	0.0041748
7cnb_A	7cnb_B	1.0	0.49035
6gz0_A	6gz0_B	1.0	0.04898
6u0i_A	6u0i_B	1.0	0.17305
6eg7_A	6eg7_B	1.0	0.0041744
6ff6_A	6ff6_B	1.0	0.20677
6xb6_A	6xb6_B	1.0	0.0041758
7wwf_A	7wwf_B	1.0	0.0041755
7qoe_A	7qoe_B	1.0	0.0041774
6v45_A	6v45_B	1.0	0.0041943
7cik_A	7cik_B	1.0	0.0042403
6iqt_A	6iqt_B	1.0	0.19403
6tdm_A	6tdm_B	1.0	0.0054482
7zjc_A	7zjc_B	1.0	0.79331
6jg8_A	6jg8_B	1.0	0.0041748
7lv3_A	7lv3_B	1.0	0.02221
7e8j_A	7e8j_B	1.0	0.0073051
6wle_A	6wle_B	1.0	0.94449
6kvr_A	6kvr_B	1.0	0.035659
6u2u_A	6u2u_B	1.0	0.4009
7lgn_A	7lgn_B	1.0	0.0052012
5z8b_A	5z8b_B	1.0	0.13954
6k88_A	6k88_B	1.0	0.9435
7vo4_A	7vo4_B	1.0	0.0041753
7vjo_A	7vjo_B	1.0	0.68455
6dvu_A	6dvu_B	1.0	0.005932
6yjb_A	6yjb_B	1.0	0.0041732
6za0_A	6za0_B	1.0	0.0067025
7p9k_A	7p9k_B	1.0	0.0041745
6t4r_A	6t4r_B	1.0	0.61329
6o6y_A	6o6y_B	1.0	0.0041778
7cff_A	7cff_B	1.0	0.022322
5zh8_A	5zh8_B	1.0	0.76291
7vb4_A	7vb4_B	1.0	0.004174
7bji_A	7bji_B	1.0	0.040829
6rs4_A	6rs4_B	1.0	0.0041751
7duv_A	7duv_B	1.0	0.62104
7lre_A	7lre_B	1.0	0.0041739
6n63_A	6n63_B	1.0	0.0042251
6ije_A	6ije_B	1.0	0.064493
6dfd_A	6dfd_B	1.0	0.0041751
6cmv_A	6cmv_B	1.0	0.74203
7o4f_A	7o4f_B	1.0	0.051391
7jsk_A	7jsk_B	1.0	0.018813
6fxa_A	6fxa_B	1.0	0.0050239
6hsd_A	6hsd_B	1.0	0.028809
6cqo_A	6cqo_B	1.0	0.079448
6h6o_A	6h6o_B	1.0	0.0041748
6xla_A	6xla_B	1.0	0.0043018
7o61_A	7o61_B	1.0	0.0043714
7sr6_A	7sr6_B	1.0	0.0043523
6v4v_A	6v4v_B	1.0	0.0041804
7ath_A	7ath_B	1.0	0.020932
7v2v_A	7v2v_B	1.0	0.60181
7eqe_A	7eqe_B	1.0	0.0072791
7asv_A	7asv_B	1.0	0.0041741
7p34_A	7p34_B	1.0	0.0041853
6owd_A	6owd_B	1.0	0.59507
7p9p_A	7p9p_B	1.0	0.65473
6sws_A	6sws_B	1.0	0.49185
6ohi_A	6ohi_B	1.0	0.052506
5ytq_A	5ytq_B	1.0	0.039839
6swk_A	6swk_B	1.0	0.034332
6sib_A	6sib_B	1.0	0.0041826
7epa_A	7epa_B	1.0	0.0060067
7o43_A	7o43_B	1.0	0.083406
6vbb_A	6vbb_B	1.0	0.0044001
6zdb_A	6zdb_B	1.0	0.50435
6ns4_A	6ns4_B	1.0	0.0041766
6mx1_A	6mx1_B	1.0	0.0076769
6m6s_A	6m6s_B	1.0	0.0041775
6l85_A	6l85_B	1.0	0.0041995
6gcv_A	6gcv_B	1.0	0.18387
7bze_A	7bze_B	1.0	0.010299
6n64_A	6n64_B	1.0	0.64885
6wcu_A	6wcu_B	1.0	0.004419
6if6_A	6if6_B	1.0	0.0042413
6vzf_A	6vzf_B	1.0	0.97376
6kun_A	6kun_B	1.0	0.96279
7ci1_A	7ci1_B	1.0	0.0041768
6aik_A	6aik_B	1.0	0.072457
6ty2_A	6ty2_B	1.0	0.0041755
6xig_A	6xig_B	1.0	0.42581
6u6r_A	6u6r_B	1.0	0.84994
6jiw_A	6jiw_B	1.0	0.0041744
6tgz_A	6tgz_B	1.0	0.0093661
6j9r_A	6j9r_B	1.0	0.42463
7nb0_A	7nb0_B	1.0	0.92878
7aex_A	7aex_B	1.0	0.0041765
7s69_A	7s69_B	1.0	0.0041755
7jw2_A	7jw2_B	1.0	0.0041764
6fln_A	6fln_B	1.0	0.004181
6hxt_A	6hxt_B	1.0	0.8483
7bgm_A	7bgm_B	1.0	0.0092765
6h40_A	6h40_B	1.0	0.004173
6ipw_A	6ipw_B	1.0	0.03721
7lgu_A	7lgu_B	1.0	0.037937
6f5c_A	6f5c_B	1.0	0.90821
5y0t_A	5y0t_B	1.0	0.0041798
7egt_A	7egt_B	1.0	0.0042182
6mud_A	6mud_B	1.0	0.093143
6jle_A	6jle_B	1.0	0.0041785
6lpi_A	6lpi_B	1.0	0.0048841
6jd6_A	6jd6_B	1.0	0.0047395
5y2z_A	5y2z_B	1.0	0.0041761
6yxj_A	6yxj_B	1.0	0.0041785
6shx_A	6shx_B	1.0	0.004176
6gs2_A	6gs2_B	1.0	0.0041762
6xwx_A	6xwx_B	1.0	0.0042794
7kfk_A	7kfk_B	1.0	0.0041874
7tj4_A	7tj4_B	1.0	0.0041806
7ev8_A	7ev8_B	1.0	0.0041752
7tzh_A	7tzh_B	1.0	0.058596
7ubz_A	7ubz_B	1.0	0.004177
5oxz_A	5oxz_B	1.0	0.0041734
7nqk_A	7nqk_B	1.0	0.0041757
6hul_A	6hul_B	1.0	0.049039
6zdx_A	6zdx_B	1.0	0.0041785
7jqd_A	7jqd_B	1.0	0.0071255
6c5w_A	6c5w_B	1.0	0.0041781
6epg_A	6epg_B	1.0	0.0041827
6wud_A	6wud_B	1.0	0.0041884
6lki_A	6lki_B	1.0	0.004222
6u08_A	6u08_B	1.0	0.0041815
6ppj_A	6ppj_B	1.0	0.033853
6lb7_A	6lb7_B	1.0	0.0045026
6psy_A	6psy_B	1.0	0.0074826
6gzj_A	6gzj_B	1.0	0.0041984
6u19_A	6u19_B	1.0	0.0041851
7ci2_A	7ci2_B	1.0	0.004173
6um2_A	6um2_B	1.0	0.0041729
7crb_A	7crb_B	1.0	0.0041797
7s4a_A	7s4a_B	1.0	0.0041751
7e36_A	7e36_B	1.0	0.0041952
7cyl_A	7cyl_B	1.0	0.0042268
6ggr_A	6ggr_B	1.0	0.0041999
7t7i_A	7t7i_B	1.0	0.13718
6tri_A	6tri_B	1.0	0.83057
6ski_A	6ski_B	1.0	0.0041788
6j08_A	6j08_B	1.0	0.0041729
7c7s_A	7c7s_B	1.0	0.0042336
6zeg_A	6zeg_B	1.0	0.0041779
6w3h_A	6w3h_B	1.0	0.0041756
6nus_A	6nus_B	1.0	0.004178
6oqj_A	6oqj_B	1.0	0.0046021
6gh8_A	6gh8_B	1.0	0.0041736
6arq_A	6arq_B	1.0	0.0087428
6onb_A	6onb_B	1.0	0.09926
6c90_A	6c90_B	1.0	0.0042585
6vhh_A	6vhh_B	1.0	0.0041773
6imf_A	6imf_B	1.0	0.0041743
6pnp_A	6pnp_B	1.0	0.036001
6ivu_A	6ivu_B	1.0	0.078816
6saz_A	6saz_B	1.0	0.0041774
6yub_A	6yub_B	1.0	0.92767
6r3v_A	6r3v_B	1.0	0.0041849
7m4m_A	7m4m_B	1.0	0.67221
6h02_A	6h02_B	1.0	0.0041782
7lc1_A	7lc1_B	1.0	0.0098861
6mgn_A	6mgn_B	1.0	0.74451
6s08_A	6s08_B	1.0	0.0041721
6zh1_A	6zh1_B	1.0	0.0041832
6d0h_A	6d0h_B	1.0	0.0041911
7v8f_A	7v8f_B	1.0	0.0042787
5yvj_A	5yvj_B	1.0	0.0041761
7w0c_A	7w0c_B	1.0	0.0041758
7f69_A	7f69_B	1.0	0.0041818
6zbk_A	6zbk_B	1.0	0.0041794
7qih_A	7qih_B	1.0	0.0041788
7jtu_A	7jtu_B	1.0	0.0041772
6fc0_A	6fc0_B	1.0	0.0044764
6rrk_A	6rrk_B	1.0	0.0041748
6dfl_A	6dfl_B	1.0	0.0041822
7lkq_A	7lkq_B	1.0	0.011222
6ch3_A	6ch3_B	1.0	0.0041867
7bu5_A	7bu5_B	1.0	0.004269
7qe5_A	7qe5_B	1.0	0.004199
6zdt_A	6zdt_B	1.0	0.0043588
6isc_A	6isc_B	1.0	0.0043164
6pfj_A	6pfj_B	1.0	0.0041815
6xf1_A	6xf1_B	1.0	0.0041794
6ygu_A	6ygu_B	1.0	0.0041819
6dt7_A	6dt7_B	1.0	0.0041747
6z1v_A	6z1v_B	1.0	0.018373
6zl1_A	6zl1_B	1.0	0.0042415
7fiw_A	7fiw_B	1.0	0.0041742
6hv8_A	6hv8_B	1.0	0.0041739
6igx_A	6igx_B	1.0	0.0041763
6w9s_A	6w9s_B	1.0	0.0041892
6i6j_A	6i6j_B	1.0	0.0041724
6qtb_A	6qtb_B	1.0	0.49633
7nz9_A	7nz9_B	1.0	0.88589
7n1j_A	7n1j_B	1.0	0.0042151
6xgz_A	6xgz_B	1.0	0.19085
6j4p_A	6j4p_B	1.0	0.0041754
6kgc_A	6kgc_B	1.0	0.0045997
6y32_A	6y32_B	1.0	0.98485
7slq_A	7slq_B	1.0	0.013063
7s9v_A	7s9v_B	1.0	0.004176
7m5f_A	7m5f_B	1.0	0.0041772
6qj3_A	6qj3_B	1.0	0.012836
6wc3_A	6wc3_B	1.0	0.0041765
6yrk_A	6yrk_B	1.0	0.0042485
6rm9_A	6rm9_B	1.0	0.0047355
7dhg_A	7dhg_B	1.0	0.0041791
7ov9_A	7ov9_B	1.0	0.0044299
7pqg_A	7pqg_B	1.0	0.0053049
6ovm_A	6ovm_B	1.0	0.0041939
6sxa_A	6sxa_B	1.0	0.012404
7f4p_A	7f4p_B	1.0	0.0041744
6v6b_A	6v6b_B	1.0	0.004174
6j07_A	6j07_B	1.0	0.0041724
6gtq_A	6gtq_B	1.0	0.0041764
6lqo_A	6lqo_B	1.0	0.0041761
7vrc_A	7vrc_B	1.0	0.004371
6xm1_A	6xm1_B	1.0	0.0042151
7n88_A	7n88_B	1.0	0.0041939
6c9m_A	6c9m_B	1.0	0.0075541
6epk_A	6epk_B	1.0	0.0041791
5z5o_A	5z5o_B	1.0	0.014846
6l4p_A	6l4p_B	1.0	0.0042248
7a67_A	7a67_B	1.0	0.0042062
7s02_A	7s02_B	1.0	0.004172
6yu8_A	6yu8_B	1.0	0.0041767
7vgg_A	7vgg_B	1.0	0.004384
6oau_A	6oau_B	1.0	0.0041753
7d2t_A	7d2t_B	1.0	0.0041802
7jzk_A	7jzk_B	1.0	0.0041919
6yxq_A	6yxq_B	1.0	0.0041858
7e2h_A	7e2h_B	1.0	0.0041747
6o7b_A	6o7b_B	1.0	0.0041754
5ywr_A	5ywr_B	1.0	0.75068
7kug_A	7kug_B	1.0	0.004192
6qu1_A	6qu1_B	1.0	0.0041812
6b4e_A	6b4e_B	1.0	0.0041758
6fnn_A	6fnn_B	1.0	0.0041853
6h2u_A	6h2u_B	1.0	0.0041735
7pp2_A	7pp2_B	1.0	0.0041815
6urq_A	6urq_B	1.0	0.0041858
6u0o_A	6u0o_B	1.0	0.0041839
7cui_A	7cui_B	1.0	0.0041757
6a6i_A	6a6i_B	1.0	0.0041898
7drt_A	7drt_B	1.0	0.0041801
6ian_A	6ian_B	1.0	0.0041792
7adk_A	7adk_B	1.0	0.0041887
6qpq_A	6qpq_B	1.0	0.0042708
6in7_A	6in7_B	1.0	0.0041914
6l7r_A	6l7r_B	1.0	0.0042129
7q1u_A	7q1u_B	1.0	0.0044277
7pku_A	7pku_B	1.0	0.0041788
6m49_A	6m49_B	1.0	0.0041759
7b0w_A	7b0w_B	1.0	0.0041775
7nj1_A	7nj1_B	1.0	0.0041767
6q83_A	6q83_B	1.0	0.0041898
6jpl_A	6jpl_B	1.0	0.0041771
6a2u_A	6a2u_B	1.0	0.004191
7mc5_A	7mc5_B	1.0	0.0041759
6s9j_A	6s9j_B	1.0	0.48513
5zfk_A	5zfk_B	1.0	0.091363
6tun_A	6tun_B	1.0	0.45177
7n3t_A	7n3t_B	1.0	0.0041802
6dxo_A	6dxo_B	1.0	0.0041853
6yx5_A	6yx5_B	1.0	0.0042117
6xod_A	6xod_B	1.0	0.0041773
6i7s_A	6i7s_B	1.0	0.0041781
6ymv_A	6ymv_B	1.0	0.0041774
6ihj_A	6ihj_B	1.0	0.82267
6zie_A	6zie_B	1.0	0.010963
6dm9_A	6dm9_B	1.0	0.94495
6wmk_A	6wmk_B	1.0	0.0089346
6a7t_A	6a7t_B	1.0	0.49783
6cp8_A	6cp8_B	1.0	0.0041807
6bs3_A	6bs3_B	1.0	0.33898
7ru6_A	7ru6_B	1.0	0.0041734
6fqb_A	6fqb_B	1.0	0.0041778
7anq_A	7anq_B	1.0	0.0041752
7c96_A	7c96_B	1.0	0.0043149
7b2b_A	7b2b_B	1.0	0.0041878
5z51_A	5z51_B	1.0	0.0041875
6xfl_A	6xfl_B	1.0	0.004283
7vg7_A	7vg7_B	1.0	0.0041822
7dym_A	7dym_B	1.0	0.0041753
6ux2_A	6ux2_B	1.0	0.0041743
7k9n_A	7k9n_B	1.0	0.0041872
6nyp_A	6nyp_B	1.0	0.0041723
6h9n_A	6h9n_B	1.0	0.004272
7dn8_A	7dn8_B	1.0	0.0042393
7bwa_A	7bwa_B	1.0	0.0041828
5wez_A	5wez_B	1.0	0.0041848
6zsh_A	6zsh_B	1.0	0.93756
7y6b_A	7y6b_B	1.0	0.0041767
6osw_A	6osw_B	1.0	0.0041793
7el1_A	7el1_B	1.0	0.0041757
6lsa_A	6lsa_B	1.0	0.0046151
6jzy_A	6jzy_B	1.0	0.0041811
7kc4_A	7kc4_B	1.0	0.0041757
7sde_A	7sde_B	1.0	0.0041749
6m3i_A	6m3i_B	1.0	0.0041766
7elc_A	7elc_B	1.0	0.0041753
6xaw_A	6xaw_B	1.0	0.0041851
6jfv_A	6jfv_B	1.0	0.0052601
6njd_A	6njd_B	1.0	0.0041884
7k2v_A	7k2v_B	1.0	0.0041746
7tcx_A	7tcx_B	1.0	0.004212
6xtd_A	6xtd_B	1.0	0.0041788
7ta3_A	7ta3_B	1.0	0.0041795
6cp9_A	6cp9_B	1.0	0.49242
6rpt_A	6rpt_B	1.0	0.0042806
7bhf_A	7bhf_B	1.0	0.0041725
6ifo_A	6ifo_B	1.0	0.0041773
7fdo_A	7fdo_B	1.0	0.0041814
5z5k_A	5z5k_B	1.0	0.0041726
7vsi_A	7vsi_B	1.0	0.011944
7jrd_A	7jrd_B	1.0	0.0041899
7cn7_A	7cn7_B	1.0	0.0041773
6ms4_A	6ms4_B	1.0	0.0041758
7l3l_A	7l3l_B	1.0	0.0041812
6p7m_A	6p7m_B	1.0	0.0041796
6x61_A	6x61_B	1.0	0.040469
6g4j_A	6g4j_B	1.0	0.004177
6k8k_A	6k8k_B	1.0	0.0047693
6i1d_A	6i1d_B	1.0	0.0042042
5xqz_A	5xqz_B	1.0	0.0041943
6npy_A	6npy_B	1.0	0.0079332
6teo_A	6teo_B	1.0	0.00418
6pgv_A	6pgv_B	1.0	0.0041987
6o38_A	6o38_B	1.0	0.004176
6hgc_A	6hgc_B	1.0	0.0041804
7pi6_A	7pi6_B	1.0	0.0041772
7enh_A	7enh_B	1.0	0.0041759
6sn1_A	6sn1_B	1.0	0.004175
5zq3_A	5zq3_B	1.0	0.0043167
7k3s_A	7k3s_B	1.0	0.13348
6q00_A	6q00_B	1.0	0.0041854
6mhf_A	6mhf_B	1.0	0.8483
6djl_A	6djl_B	1.0	0.0042164
6j0y_A	6j0y_B	1.0	0.0041775
7qla_A	7qla_B	1.0	0.0041749
6gho_A	6gho_B	1.0	0.0041768
6h4b_A	6h4b_B	1.0	0.0042159
6jt1_A	6jt1_B	1.0	0.12075
7vkb_A	7vkb_B	1.0	0.0041756
6qup_A	6qup_B	1.0	0.0041832
6oqq_A	6oqq_B	1.0	0.004194
7nkz_A	7nkz_B	1.0	0.68095
7ep7_A	7ep7_B	1.0	0.0041727
7n1n_A	7n1n_B	1.0	0.0041775
6vax_A	6vax_B	1.0	0.0041935
6eby_A	6eby_B	1.0	0.0042362
7b2i_A	7b2i_B	1.0	0.0044299
6nep_A	6nep_B	1.0	0.0041802
7dnn_A	7dnn_B	1.0	0.0044279
7n0e_A	7n0e_B	1.0	0.014186
6dre_A	6dre_B	1.0	0.004179
6j5w_A	6j5w_B	1.0	0.0041782
6bw9_A	6bw9_B	1.0	0.004187
6w2l_A	6w2l_B	1.0	0.0041804
7eqx_A	7eqx_B	1.0	0.0041977
6e2q_A	6e2q_B	1.0	0.0041779
7shq_A	7shq_B	1.0	0.0041989
6p4w_A	6p4w_B	1.0	0.0050454
6lbu_A	6lbu_B	1.0	0.0041745
6f7j_A	6f7j_B	1.0	0.0041781
7a1i_A	7a1i_B	1.0	0.0041762
7rt7_A	7rt7_B	1.0	0.0041751
6rtw_A	6rtw_B	1.0	0.0041734
6jhw_A	6jhw_B	1.0	0.0041765
6l8g_A	6l8g_B	1.0	0.0041756
6ire_A	6ire_B	1.0	0.0041838
6rzo_A	6rzo_B	1.0	0.0041799
6ox6_A	6ox6_B	1.0	0.0041875
6vu8_A	6vu8_B	1.0	0.0041787
6ae8_A	6ae8_B	1.0	0.0041899
6ibb_A	6ibb_B	1.0	0.0041731
7oix_A	7oix_B	1.0	0.0041803
7vcr_A	7vcr_B	1.0	0.0041761
6rmn_A	6rmn_B	1.0	0.0041759
6xzu_A	6xzu_B	1.0	0.0041792
7acw_A	7acw_B	1.0	0.0041747
6m7y_A	6m7y_B	1.0	0.0041726
6jjw_A	6jjw_B	1.0	0.023602
7e40_A	7e40_B	1.0	0.0041892
7kjh_A	7kjh_B	1.0	0.023883
7kl5_A	7kl5_B	1.0	0.0043399
6y4l_A	6y4l_B	1.0	0.0041757
7p14_A	7p14_B	1.0	0.0041746
5yr0_A	5yr0_B	1.0	0.0041813
6r6m_A	6r6m_B	1.0	0.0042598
6od1_A	6od1_B	1.0	0.0041754
6ve5_A	6ve5_B	1.0	0.0041762
6yt3_A	6yt3_B	1.0	0.47271
6w3i_A	6w3i_B	1.0	0.0041753
7o2w_A	7o2w_B	1.0	0.0041782
7dma_A	7dma_B	1.0	0.0041816
6thl_A	6thl_B	1.0	0.0041789
7e1s_A	7e1s_B	1.0	0.010258
6w9r_A	6w9r_B	1.0	0.0041868
7al7_A	7al7_B	1.0	0.0041982
6gxz_A	6gxz_B	1.0	0.0042594
6qsp_A	6qsp_B	1.0	0.0041762
6vri_A	6vri_B	1.0	0.48571
6ixq_A	6ixq_B	1.0	0.004208
7sde_A	7sde_A	0.0	0.0041734
6vu8_A	6vu8_A	0.0	0.004607
6gzj_A	6gzj_A	0.0	0.91603
5y2z_A	5y2z_A	0.0	0.0042207
6lki_A	6lki_A	0.0	0.0041778
6onb_A	6onb_A	0.0	0.010215
6fc0_A	6fc0_A	0.0	0.0043292
7dnn_A	7dnn_A	0.0	0.0041844
6isc_A	6isc_A	0.0	0.0042109
6u08_A	6u08_A	0.0	0.046062
6nep_A	6nep_A	0.0	0.021772
6xfl_A	6xfl_A	0.0	0.66788
6j5w_A	6j5w_A	0.0	0.49816
6ux2_A	6ux2_A	0.0	0.0044525
6a2u_A	6a2u_A	0.0	0.0041865
6pnp_A	6pnp_A	0.0	0.042843
6yx5_A	6yx5_A	0.0	0.94255
7vgg_A	7vgg_A	0.0	0.22167
7nz9_A	7nz9_A	0.0	0.93929
6wmk_A	6wmk_A	0.0	0.30263
6zdx_A	6zdx_A	0.0	0.95764
7qe5_A	7qe5_A	0.0	0.020208
7eqx_A	7eqx_A	0.0	0.0081266
7enh_A	7enh_A	0.0	0.0041797
7d2t_A	7d2t_A	0.0	0.45539
6cp8_A	6cp8_A	0.0	0.034763
6saz_A	6saz_A	0.0	0.0042649
6lsa_A	6lsa_A	0.0	0.32788
6c90_A	6c90_A	0.0	0.6109
7e36_A	7e36_A	0.0	0.0042885
6oqj_A	6oqj_A	0.0	0.0043506
6w3h_A	6w3h_A	0.0	0.88643
6hul_A	6hul_A	0.0	0.12547
7vsi_A	7vsi_A	0.0	0.0055083
5zfk_A	5zfk_A	0.0	0.087505
6qsp_A	6qsp_A	0.0	0.96881
6y32_A	6y32_A	0.0	0.97871
6d0h_A	6d0h_A	0.0	0.0041856
6oau_A	6oau_A	0.0	0.0041765
7v8f_A	7v8f_A	0.0	0.84846
6osw_A	6osw_A	0.0	0.0041775
7pqg_A	7pqg_A	0.0	0.83557
6jd6_A	6jd6_A	0.0	0.0044997
7t7i_A	7t7i_A	0.0	0.94638
6nyp_A	6nyp_A	0.0	0.23913
6f7j_A	6f7j_A	0.0	0.49021
6thl_A	6thl_A	0.0	0.0079169
6teo_A	6teo_A	0.0	0.0042817
7m4m_A	7m4m_A	0.0	0.020731
7ep7_A	7ep7_A	0.0	0.0041944
6djl_A	6djl_A	0.0	0.92176
6bw9_A	6bw9_A	0.0	0.73862
6epk_A	6epk_A	0.0	0.070121
6cp9_A	6cp9_A	0.0	0.062362
7xoi_A	7xoi_A	0.0	0.0041979
7k2v_A	7k2v_A	0.0	0.0041746
7c7s_A	7c7s_A	0.0	0.0042229
7e1s_A	7e1s_A	0.0	0.004179
6ifo_A	6ifo_A	0.0	0.0042455
6yxj_A	6yxj_A	0.0	0.0041775
7k3s_A	7k3s_A	0.0	0.93727
7mc5_A	7mc5_A	0.0	0.0041745
6ae8_A	6ae8_A	0.0	0.52672
6zie_A	6zie_A	0.0	0.86355
6mud_A	6mud_A	0.0	0.78307
7n1n_A	7n1n_A	0.0	0.38472
6q83_A	6q83_A	0.0	0.63669
6l8g_A	6l8g_A	0.0	0.0041726
6jle_A	6jle_A	0.0	0.098777
7kc4_A	7kc4_A	0.0	0.0041949
6u0o_A	6u0o_A	0.0	0.0041756
6h4b_A	6h4b_A	0.0	0.00418
6qpq_A	6qpq_A	0.0	0.0081171
5z51_A	5z51_A	0.0	0.0047184
6dm9_A	6dm9_A	0.0	0.56941
7cn7_A	7cn7_A	0.0	0.054244
7drt_A	7drt_A	0.0	0.0041828
6jfv_A	6jfv_A	0.0	0.0046078
6ms4_A	6ms4_A	0.0	0.0041745
6xf1_A	6xf1_A	0.0	0.91808
6eby_A	6eby_A	0.0	0.005613
6zl1_A	6zl1_A	0.0	0.0043404
6fnn_A	6fnn_A	0.0	0.95993
7n1j_A	7n1j_A	0.0	0.026507
6vri_A	6vri_A	0.0	0.004322
6wud_A	6wud_A	0.0	0.20035
6xm1_A	6xm1_A	0.0	0.0041745
6o7b_A	6o7b_A	0.0	0.004176
6gxz_A	6gxz_A	0.0	0.022123
6c5w_A	6c5w_A	0.0	0.39416
6jt1_A	6jt1_A	0.0	0.12866
7rt7_A	7rt7_A	0.0	0.0041744
7y6b_A	7y6b_A	0.0	0.94535
6z1v_A	6z1v_A	0.0	0.86733
6ski_A	6ski_A	0.0	0.0041731
7a1i_A	7a1i_A	0.0	0.0041734
7qla_A	7qla_A	0.0	0.0041754
6a6i_A	6a6i_A	0.0	0.97425
6sku_A	6sku_A	0.0	0.0041774
7el1_A	7el1_A	0.0	0.0045016
7b0w_A	7b0w_A	0.0	0.012525
6w9r_A	6w9r_A	0.0	0.89944
7al7_A	7al7_A	0.0	0.016421
6xtd_A	6xtd_A	0.0	0.0041805
6ppj_A	6ppj_A	0.0	0.026947
7ta3_A	7ta3_A	0.0	0.004182
7dn8_A	7dn8_A	0.0	0.0041773
6c9m_A	6c9m_A	0.0	0.0046307
7lc1_A	7lc1_A	0.0	0.33536
6ve5_A	6ve5_A	0.0	0.0086215
6a7t_A	6a7t_A	0.0	0.66209
7a67_A	7a67_A	0.0	0.030062
7qih_A	7qih_A	0.0	0.0041906
6h2u_A	6h2u_A	0.0	0.96171
6nus_A	6nus_A	0.0	0.0041891
7bhf_A	7bhf_A	0.0	0.0042296
7dma_A	7dma_A	0.0	0.01749
6vax_A	6vax_A	0.0	0.95474
6m3i_A	6m3i_A	0.0	0.0041749
7ev8_A	7ev8_A	0.0	0.0041755
6zbk_A	6zbk_A	0.0	0.0042154
7vkb_A	7vkb_A	0.0	0.0042253
6qu1_A	6qu1_A	0.0	0.0041857
5ywr_A	5ywr_A	0.0	0.83548
6rmn_A	6rmn_A	0.0	0.0041778
5yvj_A	5yvj_A	0.0	0.61806
7n3t_A	7n3t_A	0.0	0.0044951
6dt7_A	6dt7_A	0.0	0.004175
6ihj_A	6ihj_A	0.0	0.87734
6l7r_A	6l7r_A	0.0	0.0044405
7kug_A	7kug_A	0.0	0.0041757
7jrd_A	7jrd_A	0.0	0.040849
6sn1_A	6sn1_A	0.0	0.0041747
7s4a_A	7s4a_A	0.0	0.0041788
6r3v_A	6r3v_A	0.0	0.0041741
6hv8_A	6hv8_A	0.0	0.0041767
6xzu_A	6xzu_A	0.0	0.8326
7n88_A	7n88_A	0.0	0.008967
6kgc_A	6kgc_A	0.0	0.13673
7f69_A	7f69_A	0.0	0.0041764
6ox6_A	6ox6_A	0.0	0.004177
7pku_A	7pku_A	0.0	0.0041766
6p4w_A	6p4w_A	0.0	0.65142
6v9i_A	6v9i_A	0.0	0.004409
7b2b_A	7b2b_A	0.0	0.0041732
6p7m_A	6p7m_A	0.0	0.0041785
6gtq_A	6gtq_A	0.0	0.49653
6m49_A	6m49_A	0.0	0.0041757
7jzk_A	7jzk_A	0.0	0.76452
7ryp_A	7ryp_A	0.0	0.98629
7jqd_A	7jqd_A	0.0	0.9773
7fdo_A	7fdo_A	0.0	0.0041766
6xwx_A	6xwx_A	0.0	0.36079
6lqo_A	6lqo_A	0.0	0.0041757
6p2r_A	6p2r_A	0.0	0.040545
6s9j_A	6s9j_A	0.0	0.49616
6xaw_A	6xaw_A	0.0	0.94329
6y4l_A	6y4l_A	0.0	0.0041872
7q1u_A	7q1u_A	0.0	0.004199
6rtw_A	6rtw_A	0.0	0.0041779
7oix_A	7oix_A	0.0	0.0041874
7vcr_A	7vcr_A	0.0	0.004173
6dxo_A	6dxo_A	0.0	0.0042501
6ggr_A	6ggr_A	0.0	0.62262
6w9s_A	6w9s_A	0.0	0.0041759
7kl5_A	7kl5_A	0.0	0.78307
6shx_A	6shx_A	0.0	0.0041778
7s9v_A	7s9v_A	0.0	0.011044
6njd_A	6njd_A	0.0	0.90664
7n0e_A	7n0e_A	0.0	0.091768
7pp2_A	7pp2_A	0.0	0.0041744
7anq_A	7anq_A	0.0	0.0041725
6ovm_A	6ovm_A	0.0	0.064567
6mgn_A	6mgn_A	0.0	0.6043
6q00_A	6q00_A	0.0	0.87017
5zq3_A	5zq3_A	0.0	0.0041982
6tun_A	6tun_A	0.0	0.98722
7c96_A	7c96_A	0.0	0.0051111
7kfk_A	7kfk_A	0.0	0.89489
6rm9_A	6rm9_A	0.0	0.98806
7jtu_A	7jtu_A	0.0	0.0041832
7nqk_A	7nqk_A	0.0	0.004195
6tri_A	6tri_A	0.0	0.051674
6rrk_A	6rrk_A	0.0	0.14293
6jpl_A	6jpl_A	0.0	0.0041759
7shq_A	7shq_A	0.0	0.0041762
6ixq_A	6ixq_A	0.0	0.0041806
6dre_A	6dre_A	0.0	0.0041783
5oxz_A	5oxz_A	0.0	0.013768
7fiw_A	7fiw_A	0.0	0.0041738
6b4e_A	6b4e_A	0.0	0.004175
6gho_A	6gho_A	0.0	0.055024
6yrk_A	6yrk_A	0.0	0.004254
5yr0_A	5yr0_A	0.0	0.39
6h02_A	6h02_A	0.0	0.47274
6ian_A	6ian_A	0.0	0.0041773
6imf_A	6imf_A	0.0	0.0042079
5z5k_A	5z5k_A	0.0	0.0042263
7m5f_A	7m5f_A	0.0	0.0041718
6ymv_A	6ymv_A	0.0	0.004174
7vg7_A	7vg7_A	0.0	0.0041748
6r6m_A	6r6m_A	0.0	0.47352
6ygu_A	6ygu_A	0.0	0.0041825
6bs3_A	6bs3_A	0.0	0.018844
6lpi_A	6lpi_A	0.0	0.018091
7crb_A	7crb_A	0.0	0.0041759
7f4p_A	7f4p_A	0.0	0.0041742
7pi6_A	7pi6_A	0.0	0.36449
6wc3_A	6wc3_A	0.0	0.0041746
6w2l_A	6w2l_A	0.0	0.012853
7dym_A	7dym_A	0.0	0.0041753
6u19_A	6u19_A	0.0	0.0050346
7l3l_A	7l3l_A	0.0	0.008379
7o2w_A	7o2w_A	0.0	0.98736
6j07_A	6j07_A	0.0	0.0041736
7cui_A	7cui_A	0.0	0.016831
5wez_A	5wez_A	0.0	0.0042492
6qj3_A	6qj3_A	0.0	0.86703
7k9n_A	7k9n_A	0.0	0.004251
7adk_A	7adk_A	0.0	0.0041857
6yt3_A	6yt3_A	0.0	0.13296
6g4j_A	6g4j_A	0.0	0.13235
6arq_A	6arq_A	0.0	0.8652
6s08_A	6s08_A	0.0	0.0058697
6dfl_A	6dfl_A	0.0	0.0041853
6ibb_A	6ibb_A	0.0	0.21802
6ivu_A	6ivu_A	0.0	0.0081328
6sxa_A	6sxa_A	0.0	0.0042527
6yub_A	6yub_A	0.0	0.90584
6jjw_A	6jjw_A	0.0	0.95832
6mhf_A	6mhf_A	0.0	0.34811
7wa4_A	7wa4_A	0.0	0.09002
6oqq_A	6oqq_A	0.0	0.0041751
7nkz_A	7nkz_A	0.0	0.037283
6k8k_A	6k8k_A	0.0	0.2165
7tcx_A	7tcx_A	0.0	0.012222
6i6j_A	6i6j_A	0.0	0.023816
6w98_A	6w98_A	0.0	0.045213
5z5o_A	5z5o_A	0.0	0.68606
6zh1_A	6zh1_A	0.0	0.01318
7e2h_A	7e2h_A	0.0	0.0041858
7s02_A	7s02_A	0.0	0.0042056
7bwa_A	7bwa_A	0.0	0.0078946
7tzh_A	7tzh_A	0.0	0.47379
5xqz_A	5xqz_A	0.0	0.49203
6gs2_A	6gs2_A	0.0	0.98462
6j08_A	6j08_A	0.0	0.0041723
7dhg_A	7dhg_A	0.0	0.0050415
6jzy_A	6jzy_A	0.0	0.0041729
7e40_A	7e40_A	0.0	0.85361
6igx_A	6igx_A	0.0	0.074782
7kjh_A	7kjh_A	0.0	0.9758
6urq_A	6urq_A	0.0	0.0041855
6zdt_A	6zdt_A	0.0	0.83031
6lb7_A	6lb7_A	0.0	0.072653
6zsh_A	6zsh_A	0.0	0.69671
7cyl_A	7cyl_A	0.0	0.096484
6xgz_A	6xgz_A	0.0	0.7669
6o38_A	6o38_A	0.0	0.0041758
6in7_A	6in7_A	0.0	0.25403
6yxq_A	6yxq_A	0.0	0.0041783
6npy_A	6npy_A	0.0	0.0043681
7b2i_A	7b2i_A	0.0	0.0041946
7p14_A	7p14_A	0.0	0.0041735
7ay0_A	7ay0_A	0.0	0.017746
6p4o_A	6p4o_A	0.0	0.43666
6qup_A	6qup_A	0.0	0.0041991
6rzo_A	6rzo_A	0.0	0.0041807
6rpt_A	6rpt_A	0.0	0.20758
6x61_A	6x61_A	0.0	0.95259
6zeg_A	6zeg_A	0.0	0.9438
6hgc_A	6hgc_A	0.0	0.0041745
7tj4_A	7tj4_A	0.0	0.0042199
6od1_A	6od1_A	0.0	0.0041804
6pgv_A	6pgv_A	0.0	0.0041746
7egt_A	7egt_A	0.0	0.89784
6gh8_A	6gh8_A	0.0	0.49459
6v6b_A	6v6b_A	0.0	0.0041739
6psy_A	6psy_A	0.0	0.0047625
6m7y_A	6m7y_A	0.0	0.0041773
6jhw_A	6jhw_A	0.0	0.0041777
7vrc_A	7vrc_A	0.0	0.0041906
7slq_A	7slq_A	0.0	0.0058065
7ci2_A	7ci2_A	0.0	0.0041768
6lbu_A	6lbu_A	0.0	0.0041744
6qtb_A	6qtb_A	0.0	0.2093
7ov9_A	7ov9_A	0.0	0.0041946
6pfj_A	6pfj_A	0.0	0.004184
6xod_A	6xod_A	0.0	0.85129
6ire_A	6ire_A	0.0	0.0042509
6j0y_A	6j0y_A	0.0	0.0041742
6j4p_A	6j4p_A	0.0	0.0041738
7acw_A	7acw_A	0.0	0.0046557
6epg_A	6epg_A	0.0	0.0042037
7ubz_A	7ubz_A	0.0	0.0041775
6yu8_A	6yu8_A	0.0	0.0041739
7lkq_A	7lkq_A	0.0	0.0041752
6l4p_A	6l4p_A	0.0	0.0042388
6w3i_A	6w3i_A	0.0	0.0041745
6h9n_A	6h9n_A	0.0	0.0041794
7bu5_A	7bu5_A	0.0	0.0045478
6ch3_A	6ch3_A	0.0	0.0041744
6ygu_B	6ygu_B	0.0	0.0041788
7cn7_B	7cn7_B	0.0	0.0041738
6lsa_B	6lsa_B	0.0	0.049284
6jzy_B	6jzy_B	0.0	0.044319
7f69_B	7f69_B	0.0	0.0043994
6zdx_B	6zdx_B	0.0	0.92496
7drt_B	7drt_B	0.0	0.0041756
6xaw_B	6xaw_B	0.0	0.0041735
6jle_B	6jle_B	0.0	0.0041764
6u08_B	6u08_B	0.0	0.004176
7vkb_B	7vkb_B	0.0	0.0041756
6pfj_B	6pfj_B	0.0	0.0042097
7s4a_B	7s4a_B	0.0	0.0041796
6vax_B	6vax_B	0.0	0.98741
6osw_B	6osw_B	0.0	0.0041761
6qtb_B	6qtb_B	0.0	0.49042
7y6b_B	7y6b_B	0.0	0.0041741
6p7m_B	6p7m_B	0.0	0.0041754
7s9v_B	7s9v_B	0.0	0.0041754
7kug_B	7kug_B	0.0	0.19773
6q83_B	6q83_B	0.0	0.91606
6j07_B	6j07_B	0.0	0.0041719
6qup_B	6qup_B	0.0	0.45886
7q1u_B	7q1u_B	0.0	0.049745
6vu8_B	6vu8_B	0.0	0.65404
6xf1_B	6xf1_B	0.0	0.31203
6yx5_B	6yx5_B	0.0	0.0041822
6igx_B	6igx_B	0.0	0.0041796
6gs2_B	6gs2_B	0.0	0.0041802
7k3s_B	7k3s_B	0.0	0.47797
6dre_B	6dre_B	0.0	0.0055504
6nyp_B	6nyp_B	0.0	0.0041742
7n88_B	7n88_B	0.0	0.0044687
6fnn_B	6fnn_B	0.0	0.96392
6mhf_B	6mhf_B	0.0	0.0041741
6rzo_B	6rzo_B	0.0	0.0041791
7n0e_B	7n0e_B	0.0	0.18715
6yxj_B	6yxj_B	0.0	0.0042093
6wc3_B	6wc3_B	0.0	0.0041756
7jzk_B	7jzk_B	0.0	0.0063686
6zie_B	6zie_B	0.0	0.78366
6tri_B	6tri_B	0.0	0.9454
6s08_B	6s08_B	0.0	0.93776
6jt1_B	6jt1_B	0.0	0.031184
6djl_B	6djl_B	0.0	0.0041884
7e36_B	7e36_B	0.0	0.0041893
6qsp_B	6qsp_B	0.0	0.0043742
6lki_B	6lki_B	0.0	0.49614
7t7i_B	7t7i_B	0.0	0.49685
7el1_B	7el1_B	0.0	0.0041763
7w0c_B	7w0c_B	0.0	0.84106
6eby_B	6eby_B	0.0	0.94721
6yrk_B	6yrk_B	0.0	0.010633
6oau_B	6oau_B	0.0	0.0041866
6dt7_B	6dt7_B	0.0	0.0041745
6m49_B	6m49_B	0.0	0.0049353
6gzj_B	6gzj_B	0.0	0.0041725
6zdt_B	6zdt_B	0.0	0.0041801
7v8f_B	7v8f_B	0.0	0.7709
7shq_B	7shq_B	0.0	0.78036
6w3i_B	6w3i_B	0.0	0.98373
7b2i_B	7b2i_B	0.0	0.0048815
7bu5_B	7bu5_B	0.0	0.0044333
6b4e_B	6b4e_B	0.0	0.0041776
6cp9_B	6cp9_B	0.0	0.49183
6um2_B	6um2_B	0.0	0.004299
7acw_B	7acw_B	0.0	0.45957
6xm1_B	6xm1_B	0.0	0.013917
7n1j_B	7n1j_B	0.0	0.93917
6x61_B	6x61_B	0.0	0.0041727
6rtw_B	6rtw_B	0.0	0.83952
6in7_B	6in7_B	0.0	0.91983
6h4b_B	6h4b_B	0.0	0.0042155
7e2h_B	7e2h_B	0.0	0.0068869
6wmk_B	6wmk_B	0.0	0.062037
7dn8_B	7dn8_B	0.0	0.010038
6j5w_B	6j5w_B	0.0	0.72782
6thl_B	6thl_B	0.0	0.0041737
6bw9_B	6bw9_B	0.0	0.86523
6wud_B	6wud_B	0.0	0.004176
6gh8_B	6gh8_B	0.0	0.84778
6yxq_B	6yxq_B	0.0	0.06309
6gtq_B	6gtq_B	0.0	0.0041771
7cyl_B	7cyl_B	0.0	0.007704
7oix_B	7oix_B	0.0	0.0041785
7ru6_B	7ru6_B	0.0	0.96634
6fc0_B	6fc0_B	0.0	0.018271
6h9n_B	6h9n_B	0.0	0.29958
6yt3_B	6yt3_B	0.0	0.53664
7mop_B	7mop_B	0.0	0.0041757
7n1n_B	7n1n_B	0.0	0.0041912
7a1i_B	7a1i_B	0.0	0.0041738
7a67_B	7a67_B	0.0	0.0043985
6zl1_B	6zl1_B	0.0	0.90949
6npy_B	6npy_B	0.0	0.8856
6o38_B	6o38_B	0.0	0.0041757
6kgc_B	6kgc_B	0.0	0.51663
6hul_B	6hul_B	0.0	0.945
7tj4_B	7tj4_B	0.0	0.013397
6qj3_B	6qj3_B	0.0	0.054524
7xoi_B	7xoi_B	0.0	0.015672
6j4p_B	6j4p_B	0.0	0.0041767
7s02_B	7s02_B	0.0	0.00418
6g4j_B	6g4j_B	0.0	0.0041884
6k8k_B	6k8k_B	0.0	0.47854
6imf_B	6imf_B	0.0	0.054052
6w9s_B	6w9s_B	0.0	0.89944
7kc4_B	7kc4_B	0.0	0.0041761
6zbk_B	6zbk_B	0.0	0.0043053
7nz9_B	7nz9_B	0.0	0.20547
6pgv_B	6pgv_B	0.0	0.89566
6yu8_B	6yu8_B	0.0	0.98194
6ibb_B	6ibb_B	0.0	0.88814
7f4p_B	7f4p_B	0.0	0.0041734
7fdo_B	7fdo_B	0.0	0.004337
7rt7_B	7rt7_B	0.0	0.0041757
6arq_B	6arq_B	0.0	0.0048488
7pku_B	7pku_B	0.0	0.0046236
6u19_B	6u19_B	0.0	0.0041761
6qpq_B	6qpq_B	0.0	0.0041742
5y2z_B	5y2z_B	0.0	0.004182
7nqk_B	7nqk_B	0.0	0.9609
6hgc_B	6hgc_B	0.0	0.0041805
6ox6_B	6ox6_B	0.0	0.0041991
6a6i_B	6a6i_B	0.0	0.87053
6xwx_B	6xwx_B	0.0	0.0041739
6jd6_B	6jd6_B	0.0	0.015065
7b0w_B	7b0w_B	0.0	0.15123
6i7s_B	6i7s_B	0.0	0.0041749
6ovm_B	6ovm_B	0.0	0.0042063
7tcx_B	7tcx_B	0.0	0.016773
7k9n_B	7k9n_B	0.0	0.038965
6c90_B	6c90_B	0.0	0.49064
7d2t_B	7d2t_B	0.0	0.014201
7jrd_B	7jrd_B	0.0	0.0043688
6lbu_B	6lbu_B	0.0	0.83294
5z51_B	5z51_B	0.0	0.0041825
7k2v_B	7k2v_B	0.0	0.0041736
7vg7_B	7vg7_B	0.0	0.97417
7dnn_B	7dnn_B	0.0	0.49339
6v9i_B	6v9i_B	0.0	0.95595
6dm9_B	6dm9_B	0.0	0.94541
7pw9_B	7pw9_B	0.0	0.02429
6psy_B	6psy_B	0.0	0.0043715
6oqj_B	6oqj_B	0.0	0.0042151
6e2q_B	6e2q_B	0.0	0.019672
7dhg_B	7dhg_B	0.0	0.0041776
7dym_B	7dym_B	0.0	0.004177
6urq_B	6urq_B	0.0	0.0041779
7qla_B	7qla_B	0.0	0.0041746
7ubz_B	7ubz_B	0.0	0.0041902
7elc_B	7elc_B	0.0	0.0041729
6rmn_B	6rmn_B	0.0	0.0048994
6i6j_B	6i6j_B	0.0	0.8442
7m5f_B	7m5f_B	0.0	0.0041804
6c9m_B	6c9m_B	0.0	0.78132
6f7j_B	6f7j_B	0.0	0.004176
6w2l_B	6w2l_B	0.0	0.0041782
6saz_B	6saz_B	0.0	0.0041868
7nj1_B	7nj1_B	0.0	0.0041755
6sku_B	6sku_B	0.0	0.72029
6od1_B	6od1_B	0.0	0.0041742
6p4w_B	6p4w_B	0.0	0.0041744
6lb7_B	6lb7_B	0.0	0.0048409
7ov9_B	7ov9_B	0.0	0.0048815
6ymv_B	6ymv_B	0.0	0.0041794
7kl5_B	7kl5_B	0.0	0.01124
6v6b_B	6v6b_B	0.0	0.0042216
6r6m_B	6r6m_B	0.0	0.9654
6p2r_B	6p2r_B	0.0	0.12051
6m3i_B	6m3i_B	0.0	0.004208
6dxo_B	6dxo_B	0.0	0.0042101
6shx_B	6shx_B	0.0	0.0042341
5z5o_B	5z5o_B	0.0	0.27129
6zyy_B	6zyy_B	0.0	0.0041775
7p14_B	7p14_B	0.0	0.87092
6jpl_B	6jpl_B	0.0	0.004225
6rm9_B	6rm9_B	0.0	0.46179
7adk_B	7adk_B	0.0	0.0042455
6ch3_B	6ch3_B	0.0	0.0045608
6sxa_B	6sxa_B	0.0	0.079728
6nep_B	6nep_B	0.0	0.0041809
6w3h_B	6w3h_B	0.0	0.0043506
6onb_B	6onb_B	0.0	0.97947
6tun_B	6tun_B	0.0	0.81141
7enh_B	7enh_B	0.0	0.0041763
7tzh_B	7tzh_B	0.0	0.0041811
6xzu_B	6xzu_B	0.0	0.0041924
7pp2_B	7pp2_B	0.0	0.0041743
6m7y_B	6m7y_B	0.0	0.41525
7l3l_B	7l3l_B	0.0	0.48068
6w9r_B	6w9r_B	0.0	0.0041796
6a2u_B	6a2u_B	0.0	0.9814
7bhf_B	7bhf_B	0.0	0.06151
7mc5_B	7mc5_B	0.0	0.055669
6hv8_B	6hv8_B	0.0	0.0041763
7dma_B	7dma_B	0.0	0.0041911
5yvj_B	5yvj_B	0.0	0.0055716
6zh1_B	6zh1_B	0.0	0.06189
6epk_B	6epk_B	0.0	0.0041769
6u0o_B	6u0o_B	0.0	0.0092213
7cui_B	7cui_B	0.0	0.0041751
7ryp_B	7ryp_B	0.0	0.0045099
5zfk_B	5zfk_B	0.0	0.098372
7o2w_B	7o2w_B	0.0	0.0043717
7ci2_B	7ci2_B	0.0	0.0041719
7crb_B	7crb_B	0.0	0.0043176
5ywr_B	5ywr_B	0.0	0.1754
6lpi_B	6lpi_B	0.0	0.94297
7lc1_B	7lc1_B	0.0	0.021538
6ae8_B	6ae8_B	0.0	0.6537
6p4o_B	6p4o_B	0.0	0.004222
6ifo_B	6ifo_B	0.0	0.49293
6y32_B	6y32_B	0.0	0.96966
6ire_B	6ire_B	0.0	0.19487
7ay0_B	7ay0_B	0.0	0.0041748
7egt_B	7egt_B	0.0	0.0071522
7qe5_B	7qe5_B	0.0	0.020267
6ihj_B	6ihj_B	0.0	0.48124
6njd_B	6njd_B	0.0	0.01748
6w98_B	6w98_B	0.0	0.81345
6sn1_B	6sn1_B	0.0	0.004612
6jhw_B	6jhw_B	0.0	0.0043507
6l4p_B	6l4p_B	0.0	0.0049658
6fqb_B	6fqb_B	0.0	0.33093
6ski_B	6ski_B	0.0	0.0041955
7anq_B	7anq_B	0.0	0.98217
6ggr_B	6ggr_B	0.0	0.0041848
7jtu_B	7jtu_B	0.0	0.0041758
6r3v_B	6r3v_B	0.0	0.26519
7vsi_B	7vsi_B	0.0	0.0041735
6rpt_B	6rpt_B	0.0	0.027866
7e1s_B	7e1s_B	0.0	0.78833
6yub_B	6yub_B	0.0	0.94791
5oxz_B	5oxz_B	0.0	0.0041729
6jjw_B	6jjw_B	0.0	0.0042141
5zq3_B	5zq3_B	0.0	0.91414
6xfl_B	6xfl_B	0.0	0.34738
6ppj_B	6ppj_B	0.0	0.072485
6j0y_B	6j0y_B	0.0	0.0041721
6epg_B	6epg_B	0.0	0.008781
5yr0_B	5yr0_B	0.0	0.0041778
7ta3_B	7ta3_B	0.0	0.097143
7al7_B	7al7_B	0.0	0.72648
6h02_B	6h02_B	0.0	0.76095
6l8g_B	6l8g_B	0.0	0.018472
7b2b_B	7b2b_B	0.0	0.004192
7jqd_B	7jqd_B	0.0	0.0087426
5xqz_B	5xqz_B	0.0	0.90379
6gho_B	6gho_B	0.0	0.0041811
6ve5_B	6ve5_B	0.0	0.0041734
6ixq_B	6ixq_B	0.0	0.0041757
6zeg_B	6zeg_B	0.0	0.0068719
6xod_B	6xod_B	0.0	0.96073
5z5k_B	5z5k_B	0.0	0.0086951
6vhh_B	6vhh_B	0.0	0.0041758
7lkq_B	7lkq_B	0.0	0.95425
6pnp_B	6pnp_B	0.0	0.14984
6vri_B	6vri_B	0.0	0.47849
7oik_B	7oik_B	0.0	0.85172
6l7r_B	6l7r_B	0.0	0.62982
6j08_B	6j08_B	0.0	0.0041743
6ivu_B	6ivu_B	0.0	0.95706
6ux2_B	6ux2_B	0.0	0.0041743
6lqo_B	6lqo_B	0.0	0.0041821
6s9j_B	6s9j_B	0.0	0.49651
6gxz_B	6gxz_B	0.0	0.073284
6isc_B	6isc_B	0.0	0.057208
7m4m_B	7m4m_B	0.0	0.87017
7bwa_B	7bwa_B	0.0	0.0051337
7sde_B	7sde_B	0.0	0.98564
6rrk_B	6rrk_B	0.0	0.0041726
7kfk_B	7kfk_B	0.0	0.0060952
7c7s_B	7c7s_B	0.0	0.005083
7kjh_B	7kjh_B	0.0	0.0041737
7e40_B	7e40_B	0.0	0.0045949
6d0h_B	6d0h_B	0.0	0.0041803
6dfl_B	6dfl_B	0.0	0.93899
6i1d_B	6i1d_B	0.0	0.0041733
6zsh_B	6zsh_B	0.0	0.46398
6cp8_B	6cp8_B	0.0	0.0041767
6ian_B	6ian_B	0.0	0.0041779
7c96_B	7c96_B	0.0	0.0046111
6mgn_B	6mgn_B	0.0	0.1816
6a7t_B	6a7t_B	0.0	0.68032
6h2u_B	6h2u_B	0.0	0.0041749
7ep7_B	7ep7_B	0.0	0.0041718
6oqq_B	6oqq_B	0.0	0.93585
6qu1_B	6qu1_B	0.0	0.46144
6ms4_B	6ms4_B	0.0	0.0041947
6xgz_B	6xgz_B	0.0	0.0041789
7qih_B	7qih_B	0.0	0.95431
7vrc_B	7vrc_B	0.0	0.0041754
6xtd_B	6xtd_B	0.0	0.004178
7ev8_B	7ev8_B	0.0	0.004173
7pi6_B	7pi6_B	0.0	0.004175
6nus_B	6nus_B	0.0	0.0041777
6bs3_B	6bs3_B	0.0	0.37243
7eqx_B	7eqx_B	0.0	0.0042978
6o7b_B	6o7b_B	0.0	0.0041759
6c5w_B	6c5w_B	0.0	0.96657
6mud_B	6mud_B	0.0	0.023197
7pqg_B	7pqg_B	0.0	0.0041771
6jfv_B	6jfv_B	0.0	0.0045171
6teo_B	6teo_B	0.0	0.0041768
7n3t_B	7n3t_B	0.0	0.9454
6y4l_B	6y4l_B	0.0	0.0041757
5wez_B	5wez_B	0.0	0.0041754
7wa4_B	7wa4_B	0.0	0.93725
6z1v_B	6z1v_B	0.0	0.97221
6q00_B	6q00_B	0.0	0.0057116
7kpo_A	6qvf_B	0.0	0.0041919
6iu5_A	6g3b_B	0.0	0.46799
6w40_A	6l6w_B	0.0	0.0042893
7f40_A	6j5w_B	0.0	0.0041824
6jza_A	7p5c_B	0.0	0.0041778
6ghc_A	6j07_B	0.0	0.0041732
6xod_A	7ru6_B	0.0	0.33348
7arr_A	6t4r_B	0.0	0.0041755
6lki_A	6cp9_B	0.0	0.0041841
6s33_A	7emy_B	0.0	0.0043312
7tze_A	6saz_B	0.0	0.0041742
7bze_A	6tdm_B	0.0	0.0041959
6qtb_A	6zb8_B	0.0	0.0041833
6pwk_A	6qlc_B	0.0	0.0041884
5zke_A	6ju8_B	0.0	0.0042082
6w6b_A	6f1e_B	0.0	0.0041782
6fqb_A	6dlo_B	0.0	0.0041758
7mc5_A	6pal_B	0.0	0.0041762
6vd9_A	7pjo_B	0.0	0.0041799
6b4e_A	6ij2_B	0.0	0.0041759
6zsh_A	7vo4_B	0.0	0.0041855
6l6w_A	6kvr_B	0.0	0.0042021
6jhu_A	6r60_B	0.0	0.0041812
6eko_A	7feo_B	0.0	0.0041747
6za2_A	6bsu_B	0.0	0.0041819
6san_A	6n4x_B	0.0	0.0041802
7ep3_A	7jw6_B	0.0	0.0041761
7e0w_A	6wbe_B	0.0	0.0043187
6w3h_A	6q40_B	0.0	0.0041975
6lta_A	5xll_B	0.0	0.0041793
7n34_A	7bhf_B	0.0	0.0041766
7c64_A	6a7t_B	0.0	0.0041791
7wwn_A	6dfd_B	0.0	0.0041769
7b5w_A	6iak_B	0.0	0.0041847
6c30_A	6hxt_B	0.0	0.0041757
7bgs_A	6l8v_B	0.0	0.0043959
5yad_A	6hlk_B	0.0	0.0041749
7dm0_A	6vvg_B	0.0	0.0042369
6juf_A	5xxz_B	0.0	0.0041816
5xwe_A	6iya_B	0.0	0.0042908
7aex_A	6ox6_B	0.0	0.0041759
7d9m_A	6sku_B	0.0	0.46732
6lk3_A	6ux2_B	0.0	0.0041814
7ry7_A	7ped_B	0.0	0.0041777
6omi_A	6um2_B	0.0	0.0041823
6wao_A	6u1q_B	0.0	0.0041749
7bil_A	6zrw_B	0.0	0.0041749
7c4o_A	6xm1_B	0.0	0.0041761
6o15_A	6mhf_B	0.0	0.0041738
7bhf_A	6sqj_B	0.0	0.0041781
7q6j_A	6k0w_B	0.0	0.0041812
6tri_A	6hee_B	0.0	0.027179
7dtl_A	5zfk_B	0.0	0.0042016
6sa9_A	6gz0_B	0.0	0.19835
6ian_A	6kkn_B	0.0	0.0041865
7e63_A	6juv_B	0.0	0.0041869
6xf1_A	6l6g_B	0.0	0.0041807
7p7w_A	6yf6_B	0.0	0.0041796
6vbb_A	6wig_B	0.0	0.0041797
6imf_A	7tjl_B	0.0	0.018865
6wmk_A	6ltz_B	0.0	0.00419
7c96_A	6q83_B	0.0	0.17105
6ve5_A	6x6f_B	0.0	0.0041796
7epq_A	6f7l_B	0.0	0.0041904
6qj6_A	6c30_B	0.0	0.0041738
6h24_A	7tzh_B	0.0	0.0041787
5ykz_A	7e63_B	0.0	0.0041758
6swk_A	6jyk_B	0.0	0.004195
6rtw_A	6dvu_B	0.0	0.0041781
6w9s_A	7c96_B	0.0	0.0042545
7d54_A	5xwe_B	0.0	0.0041729
6x1l_A	6omi_B	0.0	0.0041757
7p9p_A	6i1r_B	0.0	0.0041842
6lpw_A	5ycz_B	0.0	0.0041745
7wwb_A	7c7e_B	0.0	0.0041859
6dz6_A	6a29_B	0.0	0.0041757
6l7r_A	6tdn_B	0.0	0.004198
7dym_A	6gup_B	0.0	0.0041741
6a0n_A	7jzk_B	0.0	0.017734
6fpd_A	7d9m_B	0.0	0.02096
7kqu_A	6oid_B	0.0	0.0041814
7ru6_A	7ci2_B	0.0	0.0041751
6um2_A	6zsh_B	0.0	0.0041999
6w08_A	6y86_B	0.0	0.0042421
6sj8_A	6jfv_B	0.0	0.0042746
7bji_A	6wle_B	0.0	0.0041804
7cfa_A	6n2m_B	0.0	0.0041772
7vgg_A	6vhh_B	0.0	0.004178
6lg2_A	7jl6_B	0.0	0.0041733
6mud_A	7vjn_B	0.0	0.0044201
6mn6_A	6q2z_B	0.0	0.0041885
7lv3_A	7p7w_B	0.0	0.0041796
6q83_A	7lji_B	0.0	0.0041792
6ifb_A	6n64_B	0.0	0.0041741
7c7s_A	7wsj_B	0.0	0.0041815
6pc0_A	6e52_B	0.0	0.0041806
7al7_A	7dnu_B	0.0	0.0041755
6dk7_A	6gto_B	0.0	0.0041943
6hul_A	6lb7_B	0.0	0.0041832
7ebs_A	6su3_B	0.0	0.0041814
6i1d_A	7bbq_B	0.0	0.0042691
6hxa_A	6jc4_B	0.0	0.0041807
6jq1_A	6cv7_B	0.0	0.007787
6xaw_A	7pty_B	0.0	0.0042248
6zbk_A	6jsx_B	0.0	0.0041815
6p1a_A	5xor_B	0.0	0.0041752
6pqu_A	7lgu_B	0.0	0.004181
6h2u_A	6o7b_B	0.0	0.0041731
6ryi_A	6z4e_B	0.0	0.047007
6yt3_A	6lqo_B	0.0	0.0041767
7jwf_A	6ovm_B	0.0	0.0041801
6isc_A	6ns4_B	0.0	0.0041731
7slq_A	6wsm_B	0.0	0.0042316
6f5c_A	7dus_B	0.0	0.0041845
5z8b_A	6k5x_B	0.0	0.0041793
7pzg_A	7wbt_B	0.0	0.0041804
6xfl_A	6iwj_B	0.0	0.0041812
7unl_A	7lc1_B	0.0	0.0041885
7n3t_A	5z8b_B	0.0	0.0041887
6r2f_A	6bn0_B	0.0	0.38261
6saz_A	7d2w_B	0.0	0.0041784
6zdw_A	6a27_B	0.0	0.0041753
6ty0_A	7dw5_B	0.0	0.0041764
6ptg_A	6a4v_B	0.0	0.0041955
7m1a_A	7o4e_B	0.0	0.0041826
6ire_A	6l9u_B	0.0	0.0041845
7m5f_A	7c64_B	0.0	0.0041767
6hhb_A	6p7m_B	0.0	0.0043524
6l0t_A	6p7j_B	0.0	0.0041763
6n2u_A	6za2_B	0.0	0.0042027
6wlg_A	6ghs_B	0.0	0.0041758
6ff6_A	6ptg_B	0.0	0.0042058
6efn_A	6w9z_B	0.0	0.0042036
6l5h_A	6vd9_B	0.0	0.0042268
7r5y_A	6ire_B	0.0	0.0041813
7kih_A	6zie_B	0.0	0.0041937
6tvp_A	7c8f_B	0.0	0.0042125
6iih_A	7rwm_B	0.0	0.0041801
7vuk_A	5yox_B	0.0	0.0041776
7e4m_A	6pqx_B	0.0	0.0041793
6ig4_A	6lxx_B	0.0	0.004175
6p4w_A	7qe5_B	0.0	0.0041791
7amk_A	6ok3_B	0.0	0.0041793
7bu5_A	7f8f_B	0.0	0.0041841
6chj_A	6lzh_B	0.0	0.004176
7eme_A	6z0f_B	0.0	0.0041764
6h56_A	7pzg_B	0.0	0.0041825
6gh8_A	6laf_B	0.0	0.0041747
6thl_A	7jqe_B	0.0	0.0041827
6nb0_A	6z7o_B	0.0	0.0042737
6rnq_A	6s9j_B	0.0	0.0041789
6jle_A	6kkt_B	0.0	0.0041784
5xyb_A	7ath_B	0.0	0.0041976
7v6p_A	6ekr_B	0.0	0.0041757
6sku_A	6dx5_B	0.0	0.0041788
7vkb_A	6c9m_B	0.0	0.0041775
6g4j_A	6xgz_B	0.0	0.0041752
6jiw_A	6r2f_B	0.0	0.0041893
7shq_A	6dk7_B	0.0	0.004229
7edb_A	7m0q_B	0.0	0.082215
5yeu_A	7da9_B	0.0	0.0041762
7drj_A	7lu4_B	0.0	0.0042262
7k3h_A	6tp9_B	0.0	0.0044736
7jsk_A	6l7r_B	0.0	0.004263
6ra0_A	7msk_B	0.0	0.0042064
6hat_A	5ztm_B	0.0	0.0041751
6xmb_A	6p8p_B	0.0	0.0041806
6dk9_A	7cym_B	0.0	0.0043595
6eyx_A	6jl9_B	0.0	0.0041755
6ket_A	6d6y_B	0.0	0.0041795
7eih_A	7r65_B	0.0	0.0041849
7cym_A	6npy_B	0.0	0.0041806
6lul_A	7e2h_B	0.0	0.0042028
6vu8_A	6lj9_B	0.0	0.0041766
7p5c_A	6vzf_B	0.0	0.0042039
6oib_A	6kri_B	0.0	0.0041955
6epk_A	7f9i_B	0.0	0.0043782
6lkx_A	7vwt_B	0.0	0.0041805
6l8a_A	7trv_B	0.0	0.0042377
6cgo_A	5wd6_B	0.0	0.0041859
6r23_A	7m1a_B	0.0	0.0041765
6hee_A	6ff6_B	0.0	0.020248
7q97_A	6i7s_B	0.0	0.0041754
6g6s_A	7a1i_B	0.0	0.0041732
6t4r_A	6h7a_B	0.0	0.0043949
6ptl_A	6m7y_B	0.0	0.12254
6h6o_A	5y0t_B	0.0	0.0041763
5wec_A	7tkv_B	0.0	0.0041828
6hzk_A	6ve5_B	0.0	0.0041774
6d1p_A	5ya6_B	0.0	0.0041775
7lji_A	6iuf_B	0.0	0.004175
6cmk_A	6eko_B	0.0	0.0041767
6q00_A	6e2q_B	0.0	0.0042145
6wxo_A	6sib_B	0.0	0.0041782
6a2w_A	5xp0_B	0.0	0.0041779
7n0z_A	7ae6_B	0.0	0.0041796
6ggr_A	7aex_B	0.0	0.0046998
6bsu_A	6fxr_B	0.0	0.056847
6jhv_A	7poh_B	0.0	0.0041757
6g70_A	7nf7_B	0.0	0.0041812
6gg2_A	7anq_B	0.0	0.0041782
7crn_A	6dj3_B	0.0	0.0041771
6a2u_A	6j52_B	0.0	0.0041877
6kd6_A	6xgw_B	0.0	0.0041969
6fg9_A	6ihj_B	0.0	0.0050878
6v9i_A	6dxo_B	0.0	0.0041771
7e4j_A	7s4a_B	0.0	0.0041739
7tae_A	6mxv_B	0.0	0.0041774
6mwl_A	7os7_B	0.0	0.0041803
6vyi_A	6z1v_B	0.0	0.004173
7a0m_A	6mn6_B	0.0	0.0041815
7dw5_A	6qu1_B	0.0	0.004176
6k88_A	7edb_B	0.0	0.004177
6sxa_A	5zke_B	0.0	0.0041784
6f1e_A	7dtl_B	0.0	0.0041878
7nz9_A	7vkx_B	0.0	0.0041764
6u2u_A	6yge_B	0.0	0.0041771
7kfk_A	6fxa_B	0.0	0.0041758
6dm9_A	6ty0_B	0.0	0.0041771
7pi6_A	6v42_B	0.0	0.0041795
6siz_A	7rtu_B	0.0	0.0041838
7t8o_A	6sa7_B	0.0	0.004272
7bbq_A	5wez_B	0.0	0.0041791
6xtd_A	7y6b_B	0.0	0.0041775
7r65_A	7f7c_B	0.0	0.0041812
6zpm_A	6g8w_B	0.0	0.0043413
6cmv_A	7e36_B	0.0	0.0042051
6y4l_A	6z7a_B	0.0	0.0041749
6hbz_A	6f7j_B	0.0	0.0041752
7wbt_A	5yjc_B	0.0	0.0041774
6ibb_A	6v4v_B	0.0	0.0041894
6oid_A	7d2t_B	0.0	0.0041757
6w98_A	7b1l_B	0.0	0.0043039
6hlk_A	7c23_B	0.0	0.0042705
6lf2_A	6xzu_B	0.0	0.0041813
7f7p_A	6tv2_B	0.0	0.0041798
7p56_A	5zq3_B	0.0	0.0041938
6dxr_A	7ocs_B	0.0	0.0041819
7f9h_A	7n3t_B	0.0	0.004186
6wcu_A	7jw2_B	0.0	0.0042664
5z5k_A	6lnd_B	0.0	0.0041809
5z2h_A	7c5z_B	0.0	0.0041773
6nqz_A	6pc0_B	0.0	0.0041779
6a57_A	6m6s_B	0.0	0.0041744
6gxz_A	6ian_B	0.0	0.0041766
7ep5_A	6tri_B	0.0	0.0041841
6qvp_A	6oaw_B	0.0	0.0041782
5wd6_A	6uv8_B	0.0	0.0041827
7c8f_A	6hzk_B	0.0	0.004191
6ny5_A	7os5_B	0.0	0.0041758
7vfo_A	7drt_B	0.0	0.0041751
7msk_A	6bs3_B	0.0	0.004175
6mgv_A	7eev_B	0.0	0.0043965
6leb_A	7vrc_B	0.0	0.016301
5xp0_A	6oqq_B	0.0	0.0041899
6vz0_A	7rt7_B	0.0	0.0047596
6p3x_A	6njd_B	0.0	0.0041817
7dl3_A	7vkb_B	0.0	0.0041734
7zjc_A	7ep5_B	0.0	0.0041782
6mg0_A	6ttl_B	0.0	0.0041835
6j3a_A	6y1y_B	0.0	0.0041885
6lac_A	6z26_B	0.0	0.0042045
7oc3_A	6owd_B	0.0	0.0042032
7ess_A	6nk3_B	0.0	0.0041745
6e52_A	6xtd_B	0.0	0.0041939
6fnn_A	6ki2_B	0.0	0.0041828
6gu1_A	6pqn_B	0.0	0.0041891
7c23_A	6ty2_B	0.0	0.0042074
7a67_A	7dhg_B	0.0	0.0041849
7d62_A	6qwo_B	0.0	0.0041758
7ut4_A	7zcv_B	0.0	0.0041769
6z3n_A	6ptl_B	0.0	0.0041845
6i1a_A	6k31_B	0.0	0.004213
7adk_A	6lke_B	0.0	0.0041801
6p1e_A	7ubz_B	0.0	0.0041793
7vu7_A	6gxz_B	0.0	0.004183
6owd_A	6whp_B	0.0	0.0042142
6ltp_A	6x1l_B	0.0	0.0041741
6vbk_A	6pgv_B	0.0	0.0041908
6npy_A	6qti_B	0.0	0.0041814
6jl9_A	6u19_B	0.0	0.0041751
6ski_A	6pqu_B	0.0	0.0041741
7dxy_A	7vpu_B	0.0	0.0041859
6fju_A	7el1_B	0.0	0.0041766
6nz4_A	7vu5_B	0.0	0.0045161
6pce_A	7nza_B	0.0	0.004189
6k5g_A	7ep7_B	0.0	0.0041726
7f4p_A	6xb6_B	0.0	0.0041761
6vwo_A	6a4t_B	0.0	0.0045855
6fcx_A	6xrb_B	0.0	0.0041803
7os7_A	7n34_B	0.0	0.0041756
6h7a_A	6nx3_B	0.0	0.004184
5xor_A	6za0_B	0.0	0.0041793
6ulw_A	6vyi_B	0.0	0.0041766
6o14_A	6efw_B	0.0	0.0041758
7ajl_A	6fh1_B	0.0	0.0041779
6j0y_A	8dgg_B	0.0	0.0041733
6otn_A	7t7i_B	0.0	0.0041932
6jie_A	6ivu_B	0.0	0.0041748
6s3k_A	6vax_B	0.0	0.0041865
6gz0_A	5z5o_B	0.0	0.0041876
5w6l_A	6sul_B	0.0	0.0041784
6a29_A	5yo8_B	0.0	0.0041798
6bw9_A	7ct3_B	0.0	0.0041822
6u0o_A	6fco_B	0.0	0.0041878
6tgp_A	7drg_B	0.0	0.0041746
6laf_A	7qla_B	0.0	0.0041756
7vu5_A	7tb6_B	0.0	0.0043564
5zq3_A	6w08_B	0.0	0.0041805
7r9g_A	7dtr_B	0.0	0.0041911
7oar_A	5y4g_B	0.0	0.0041766
6hfg_A	7cma_B	0.0	0.0041742
7qb9_A	6m31_B	0.0	0.0041802
6qla_A	7vfo_B	0.0	0.0041869
5xvj_A	7qyd_B	0.0	0.0041865
6e8a_A	6qm2_B	0.0	0.0041788
6p2r_A	6cgo_B	0.0	0.0041813
6nk3_A	6dre_B	0.0	0.0041733
7jqe_A	7sj2_B	0.0	0.0041788
7drt_A	6fp5_B	0.0	0.0041783
6x2d_A	7bze_B	0.0	0.0052851
6kgc_A	7oix_B	0.0	0.0041905
7el6_A	6v9i_B	0.0	0.014139
6dre_A	6xor_B	0.0	0.0042034
7ntf_A	6qla_B	0.0	0.0041778
6ty2_A	7el6_B	0.0	0.0041896
7mzy_A	6a56_B	0.0	0.0041835
6si6_A	6eyx_B	0.0	0.0041768
6ox6_A	5xsw_B	0.0	0.0041778
6zl1_A	5xyb_B	0.0	0.0041846
6lgx_A	6u8t_B	0.0	0.0041769
7asv_A	6hq2_B	0.0	0.0041812
5yvj_A	7b5w_B	0.0	0.004224
5zh8_A	7zjc_B	0.0	0.007015
5ywr_A	6sid_B	0.0	0.0042035
6vij_A	7cfa_B	0.0	0.0041772
6jpl_A	7k9n_B	0.0	0.0041835
6ys4_A	6nb0_B	0.0	0.0042104
6ymv_A	6c5d_B	0.0	0.004179
7p14_A	7vuk_B	0.0	0.0041789
6v4v_A	7jsk_B	0.0	0.0042554
7m0q_A	7eqx_B	0.0	0.0042023
6nnw_A	6mbi_B	0.0	0.0051542
6snz_A	6arq_B	0.0	0.0042592
6f03_A	6k6l_B	0.0	0.0042289
6m6q_A	6l8a_B	0.0	0.0041763
6i6u_A	7jrd_B	0.0	0.0041993
6qj3_A	6k5s_B	0.0	0.0041766
6wig_A	6n7o_B	0.0	0.0041736
6njd_A	7f20_B	0.0	0.0042118
6tct_A	6lk7_B	0.0	0.0041739
7rt7_A	6jhu_B	0.0	0.0041753
6awl_A	6dz6_B	0.0	0.0044591
6hgc_A	6yf5_B	0.0	0.004232
6klh_A	6mx1_B	0.0	0.0041833
6cpd_A	7pi6_B	0.0	0.0041782
7o2w_A	6hhb_B	0.0	0.0041989
6arq_A	6fcx_B	0.0	0.0041954
6wk3_A	7d54_B	0.0	0.0041812
6gf6_A	6yxe_B	0.0	0.0041757
7sde_A	6f5c_B	0.0	0.0041795
6yex_A	6ecw_B	0.0	0.0041753
7dbl_A	7eih_B	0.0	0.0041778
6mvu_A	6h2u_B	0.0	0.0042434
6jvv_A	7f4p_B	0.0	0.0041741
6ipw_A	6hqz_B	0.0	0.0041748
7ocs_A	5z51_B	0.0	0.0041817
6hiu_A	6zl1_B	0.0	0.0045595
6o5k_A	6if6_B	0.0	0.0041881
6vgo_A	7b2b_B	0.0	0.0041737
6sgf_A	7bgm_B	0.0	0.0041762
7egt_A	6ro6_B	0.0	0.0041814
7e36_A	6otn_B	0.0	0.0042314
7anq_A	7kjh_B	0.0	0.0041744
7bgm_A	6l3q_B	0.0	0.0041756
7u8t_A	6ubl_B	0.0	0.0041759
6l8g_A	6nep_B	0.0	0.0041745
7rmx_A	6hwl_B	0.0	0.0041782
6kju_A	7oc5_B	0.0	0.0041919
7lgu_A	7jqd_B	0.0	0.0041782
7sr6_A	6jtz_B	0.0	0.0041861
6z7a_A	7n1n_B	0.0	0.004177
6u1q_A	6noy_B	0.0	0.0041782
6r80_A	7v2v_B	0.0	0.0041806
5mlq_A	6nyp_B	0.0	0.0041754
6jt1_A	6onb_B	0.0	0.0041774
6sul_A	6x2d_B	0.0	0.0041776
6cqo_A	7e0w_B	0.0	0.0041837
7voj_A	6abr_B	0.0	0.0041781
6al9_A	6uxq_B	0.0	0.0042236
7fdo_A	6tvp_B	0.0	0.0041775
6ytu_A	6djl_B	0.0	0.00418
6xig_A	6r80_B	0.0	0.0041803
6d6y_A	7f2f_B	0.0	0.0095119
7dfe_A	6awl_B	0.0	0.42444
6ugk_A	6nz4_B	0.0	0.0041765
6z0f_A	6ltp_B	0.0	0.040173
7agw_A	6a6i_B	0.0	0.0044767
6ok3_A	7dvr_B	0.0	0.0041788
6b9o_A	6x61_B	0.0	0.0041772
6jkg_A	7jwf_B	0.0	0.004195
7trv_A	6wcu_B	0.0	0.0042246
6h40_A	6ibb_B	0.0	0.0041746
6whp_A	6rm9_B	0.0	0.0042037
5ydd_A	6oht_B	0.0	0.0042136
7tuk_A	6k17_B	0.0	0.0041751
6np6_A	7duf_B	0.0	0.0041882
6npl_A	7s02_B	0.0	0.0041725
6fan_A	7kc4_B	0.0	0.0041804
6efw_A	7tj4_B	0.0	0.0041793
7rwm_A	7l6g_B	0.0	0.0041805
6zdu_A	6c5w_B	0.0	0.0041814
6sws_A	6k38_B	0.0	0.0041778
6zh1_A	7dns_B	0.0	0.0046769
7nza_A	6xwx_B	0.0	0.0041852
6vri_A	7r9g_B	0.0	0.0041753
6ur7_A	6qj3_B	0.0	0.0041811
6yqq_A	7m5f_B	0.0	0.0041757
6yub_A	7unl_B	0.0	0.0041813
6oau_A	6m10_B	0.0	0.0041794
6ymn_A	7kih_B	0.0	0.0041971
6eby_A	6epk_B	0.0	0.0041796
7ocz_A	7b6b_B	0.0	0.0041836
7os5_A	6khy_B	0.0	0.0041749
7n0l_A	6ig4_B	0.0	0.004176
6a27_A	7oc3_B	0.0	0.004176
6lb7_A	7p14_B	0.0	0.0041933
7v8f_A	6hhk_B	0.0	0.0041841
5znm_A	5xqz_B	0.0	0.0042124
6zdt_A	6eg7_B	0.0	0.004177
6oaw_A	6u7l_B	0.0	0.0041821
6u08_A	6bqc_B	0.0	0.0041907
6tek_A	6wc3_B	0.0	0.0041765
6e2q_A	6pwk_B	0.0	0.0041761
6zdx_A	6qeq_B	0.0	0.0041759
6dhv_A	6t4d_B	0.0	0.0041916
7zcv_A	6kju_B	0.0	0.0041763
6ygu_A	6kd6_B	0.0	0.004182
7e8r_A	6p40_B	0.0	0.004178
7w0c_A	6i5b_B	0.0	0.0042092
6tgz_A	6ygu_B	0.0	0.00418
7dus_A	7oyk_B	0.0	0.22604
6st4_A	7cbs_B	0.0	0.0045697
6lpi_A	7l49_B	0.0	0.045851
6iz2_A	6zts_B	0.0	0.0041862
7jl6_A	7cjn_B	0.0	0.0042079
6y1y_A	6k4e_B	0.0	0.004184
6riu_A	6i6j_B	0.0	0.0041737
6s08_A	5zc3_B	0.0	0.0041733
6qeq_A	6xfl_B	0.0	0.0042444
6ncs_A	6zdu_B	0.0	0.0041766
6w9z_A	6l4p_B	0.0	0.0042107
6fpf_A	7tzv_B	0.0	0.0041783
6zi1_A	6vwo_B	0.0	0.19799
6x61_A	6r6m_B	0.0	0.0041945
6psy_A	6abs_B	0.0	0.0042741
6mag_A	7nto_B	0.0	0.0041746
6vhy_A	6lkx_B	0.0	0.004176
6k17_A	6rk1_B	0.0	0.004175
7ccb_A	6fc0_B	0.0	0.0041826
7vrc_A	6thl_B	0.0	0.0041735
7oom_A	7dnn_B	0.0	0.004181
7cui_A	6liy_B	0.0	0.0041787
5w4a_A	7lh6_B	0.0	0.0041766
5yjc_A	5xsv_B	0.0	0.0041888
7jrd_A	6tgz_B	0.0	0.0042006
7tb6_A	6san_B	0.0	0.0041765
6lzh_A	7kpo_B	0.0	0.0041877
6abs_A	7b2i_B	0.0	0.0042155
6m3i_A	6lgx_B	0.0	0.0041769
7qvb_A	6g7b_B	0.0	0.0041792
6kvr_A	7m96_B	0.0	0.0041851
5od9_A	6o5k_B	0.0	0.0042643
6nqy_A	7f9j_B	0.0	0.0041809
6xz3_A	7e4j_B	0.0	0.0041801
6ifo_A	7qb9_B	0.0	0.0041767
6k38_A	5yeu_B	0.0	0.0041786
6uxu_A	7bcb_B	0.0	0.004181
7bqg_A	6nqy_B	0.0	0.0041812
5ztm_A	6w40_B	0.0	0.0041781
7vpu_A	6r23_B	0.0	0.0041816
6kkt_A	6eqo_B	0.0	0.0041776
7jx6_A	6yk8_B	0.0	0.0041743
6m4f_A	6riu_B	0.0	0.0041916
6p40_A	6ign_B	0.0	0.0042159
6kri_A	6jhv_B	0.0	0.004234
7d34_A	6h9n_B	0.0	0.0041736
6z1v_A	6kgc_B	0.0	0.43085
6c6n_A	6ije_B	0.0	0.0041836
6ttl_A	7s0r_B	0.0	0.0042151
6jtz_A	6vd8_B	0.0	0.0041795
6liy_A	7enh_B	0.0	0.0041834
6qlc_A	7ryp_B	0.0	0.0041787
7cjn_A	7v2s_B	0.0	0.0041972
5y7d_A	6lf2_B	0.0	0.0041772
7nb0_A	6c90_B	0.0	0.0042175
6l4p_A	5z2h_B	0.0	0.0041804
6njy_A	7wwf_B	0.0	0.0041765
7vfk_A	7v8f_B	0.0	0.0041841
7cyl_A	6jg8_B	0.0	0.0041761
7cff_A	7kug_B	0.0	0.0041908
7s9v_A	6k88_B	0.0	0.43934
7f7c_A	6zdx_B	0.0	0.0041748
6zts_A	6ymv_B	0.0	0.0041814
6khy_A	7stl_B	0.0	0.004176
7twa_A	6ppj_B	0.0	0.004182
6xl1_A	6jqy_B	0.0	0.0041791
6zrw_A	7pp2_B	0.0	0.0041749
5ytq_A	6cqo_B	0.0	0.0041844
6m10_A	6gg2_B	0.0	0.0041819
6za0_A	6m6q_B	0.0	0.0041793
7al1_A	6kew_B	0.0	0.027743
6vvg_A	7tuk_B	0.0	0.0041761
6ju8_A	6jhw_B	0.0	0.004217
7v2s_A	6p74_B	0.0	0.00422
7c67_A	6vu8_B	0.0	0.0055069
7br1_A	7bp3_B	0.0	0.0041954
6dkk_A	6nag_B	0.0	0.0041774
6eys_A	6snz_B	0.0	0.0044133
6j4d_A	6jie_B	0.0	0.0041737
6c5d_A	6okh_B	0.0	0.0041753
6u0i_A	7v4o_B	0.0	0.0041774
7ag9_A	6l2w_B	0.0	0.032362
7t8i_A	7u2s_B	0.0	0.0041822
6iwj_A	7crn_B	0.0	0.0041811
7lq2_A	6u0o_B	0.0	0.0049541
7ovp_A	7cik_B	0.0	0.0041827
6fdm_A	6ymn_B	0.0	0.0041811
6a4t_A	6b4e_B	0.0	0.0041837
6l6g_A	6mgn_B	0.0	0.0041725
7mrj_A	6rmn_B	0.0	0.0041924
7dhg_A	7l2a_B	0.0	0.0041847
6iak_A	6bw9_B	0.0	0.0041843
7dut_A	5ykz_B	0.0	0.0041778
6qsp_A	7bu5_B	0.0	0.0041799
6dvu_A	6h56_B	0.0	0.0041787
5yox_A	6yjb_B	0.0	0.0041762
7rrm_A	5ywr_B	0.0	0.0042535
7e40_A	6rpt_B	0.0	0.0041784
6juv_A	7o61_B	0.0	0.0041753
6gtq_A	5yet_B	0.0	0.004175
6nx5_A	6sj8_B	0.0	0.0041763
6jqy_A	7tcx_B	0.0	0.00418
6ghs_A	6s3k_B	0.0	0.0042939
6gzj_A	7rmx_B	0.0	0.97544
6grs_A	6qup_B	0.0	0.92172
7vjo_A	7e8r_B	0.0	0.0041783
6zeg_A	7asv_B	0.0	0.0041821
6yf6_A	6ra0_B	0.0	0.0041792
6fh4_A	6jle_B	0.0	0.0042041
7lh6_A	7czg_B	0.0	0.0041778
7kv7_A	6jbd_B	0.0	0.0041766
7o7a_A	6fhg_B	0.0	0.0041981
6qvf_A	6hgc_B	0.0	0.0041817
6l9u_A	7jtu_B	0.0	0.0041775
6cv7_A	6jd6_B	0.0	0.0048342
6u7l_A	7k3s_B	0.0	0.0041827
6imj_A	6z3n_B	0.0	0.0041784
6ixq_A	6ch3_B	0.0	0.0057382
6a7s_A	6yxj_B	0.0	0.0041797
6dfl_A	7mwa_B	0.0	0.0041762
6xfj_A	7oik_B	0.0	0.0044012
7lre_A	7a0m_B	0.0	0.0041748
6hxt_A	6i1d_B	0.0	0.0041754
6j5w_A	7tze_B	0.0	0.0041758
6nus_A	6g70_B	0.0	0.004178
6nep_A	6dhv_B	0.0	0.0041812
6yxa_A	6wb3_B	0.0	0.0041894
7d2t_A	6o6y_B	0.0	0.0041767
6ki2_A	6w9s_B	0.0	0.0041843
7f8f_A	6izv_B	0.0	0.0041795
6mgn_A	7kv7_B	0.0	0.0041802
7enh_A	6jsd_B	0.0	0.0041738
6c5w_A	7e1s_B	0.0	0.0060353
6a6i_A	6h8f_B	0.0	0.0055303
7qyd_A	6bk4_B	0.0	0.0041829
7po9_A	5yvj_B	0.0	0.0041777
6a7t_A	6e8a_B	0.0	0.0042764
7n1j_A	6tl8_B	0.0	0.0043498
7f20_A	6e12_B	0.0	0.0041893
6jfv_A	6hlu_B	0.0	0.0043049
6ro6_A	6h24_B	0.0	0.0041787
6gto_A	6c3r_B	0.0	0.0041878
6yjb_A	6zeg_B	0.0	0.0041756
7o4f_A	6gf6_B	0.0	0.0041802
6tjd_A	7vfk_B	0.0	0.0042152
5yek_A	6osw_B	0.0	0.0041856
6a56_A	6g2g_B	0.0	0.0041781
6rs4_A	6hcz_B	0.0	0.0041752
7r4m_A	6ryd_B	0.0	0.0041763
6qaj_A	7bwa_B	0.0	0.0042777
7mrm_A	7dm0_B	0.0	0.0045645
6vd8_A	6j8l_B	0.0	0.0041744
7poh_A	6g4j_B	0.0	0.0041794
7nlh_A	6ixq_B	0.0	0.0041746
6l2w_A	7voj_B	0.0	0.0041868
6k31_A	6v6b_B	0.0	0.0041776
7ci2_A	6g6s_B	0.0	0.0041788
7b2i_A	7n0e_B	0.0	0.0041984
7vuf_A	5zes_B	0.0	0.0041764
6ovm_A	7slq_B	0.0	0.0041827
7dvr_A	6zyy_B	0.0	0.004175
6k6l_A	6rfg_B	0.0	0.0041766
7s0r_A	6v45_B	0.0	0.0042261
6f7l_A	6l8g_B	0.0	0.004205
5yet_A	6sxa_B	0.0	0.0041752
6d3v_A	6siz_B	0.0	0.028308
7she_A	7jjv_B	0.0	0.0041723
7q1u_A	6lhs_B	0.0	0.0041777
7ev8_A	7eqb_B	0.0	0.0041823
6le1_A	6shx_B	0.0	0.0041785
6r60_A	6lac_B	0.0	0.0041808
6eqo_A	6xaw_B	0.0	0.0041787
7s02_A	7ntf_B	0.0	0.004182
7nkz_A	6ft5_B	0.0	0.0041967
6pqn_A	6c0g_B	0.0	0.0041808
6bs3_A	6l0t_B	0.0	0.0041747
6kun_A	6sm4_B	0.0	0.0042152
7o5y_A	7ry7_B	0.0	0.00418
6r3v_A	7oom_B	0.0	0.004183
6w9r_A	6nf4_B	0.0	0.004215
6ux2_A	6in7_B	0.0	0.0041818
7eqb_A	6r3v_B	0.0	0.099403
6yfi_A	7ovp_B	0.0	0.0041782
6rrk_A	7dbl_B	0.0	0.0041799
6ohi_A	6hfg_B	0.0	0.0041787
6i5b_A	6sbw_B	0.0	0.0041885
6u19_A	6eys_B	0.0	0.0041927
7ay0_A	7c0q_B	0.0	0.0041771
5zes_A	6qpk_B	0.0	0.0041774
6wb3_A	7dwm_B	0.0	0.0042863
6noy_A	6zpm_B	0.0	0.0042775
5y0t_A	6r6u_B	0.0	0.0041787
6vax_A	7rtm_B	0.0	0.0041855
7tcx_A	7m4m_B	0.0	0.0041924
7e1s_A	7ppp_B	0.0	0.0041796
6j9r_A	7p9k_B	0.0	0.0041954
6r6u_A	6n63_B	0.0	0.004185
7drg_A	6r5j_B	0.0	0.0041737
6cbc_A	7po9_B	0.0	0.0041766
7rtm_A	6j6f_B	0.0	0.0041811
7jw2_A	6grs_B	0.0	0.0041883
7oc5_A	7wa4_B	0.0	0.0041831
6h59_A	7n0l_B	0.0	0.0041785
6pkh_A	6nqz_B	0.0	0.0041755
7bwa_A	6uxu_B	0.0	0.0041778
6pbd_A	6isk_B	0.0	0.0041762
5nl6_A	6yxq_B	0.0	0.61301
7msl_A	6fpd_B	0.0	0.96251
7blf_A	7fdo_B	0.0	0.0041851
7l6g_A	7mzy_B	0.0	0.004184
6vzy_A	6r22_B	0.0	0.0041811
6ij2_A	6tct_B	0.0	0.0041734
6y86_A	6a57_B	0.0	0.0041792
7ta3_A	6oau_B	0.0	0.0041748
7ppp_A	6o14_B	0.0	0.0041826
7lht_A	7k2v_B	0.0	0.0041747
8dgg_A	7wkw_B	0.0	0.0041766
5yo8_A	7p56_B	0.0	0.0041839
6igx_A	6yrk_B	0.0	0.004183
7kjh_A	6j38_B	0.0	0.0041743
6fxr_A	7dxy_B	0.0	0.0041772
7ofl_A	6yu8_B	0.0	0.0041745
7ryp_A	6j4d_B	0.0	0.19847
6v7u_A	6xl1_B	0.0	0.0041761
6hsd_A	7pqg_B	0.0	0.0041814
6n7o_A	6f03_B	0.0	0.0042228
7k9n_A	5zmu_B	0.0	0.0042044
6pfj_A	6lk3_B	0.0	0.0041913
6o2u_A	6jza_B	0.0	0.0043716
7cu9_A	7crb_B	0.0	0.0041807
6f7j_A	6jvv_B	0.0	0.0041769
6mhf_A	6lki_B	0.0	0.0041905
7nf7_A	6yjd_B	0.0	0.0043078
6gdj_A	7l3l_B	0.0	0.0041884
7dtr_A	6si6_B	0.0	0.0041748
6j38_A	6pbd_B	0.0	0.0041801
6dxo_A	6fjw_B	0.0	0.0041835
7b1l_A	6ohi_B	0.0	0.0042546
6dfd_A	6juf_B	0.0	0.0041761
7ath_A	5nl6_B	0.0	0.035384
6g8w_A	6st4_B	0.0	0.0041849
6shx_A	6isc_B	0.0	0.004178
6onw_A	7o4f_B	0.0	0.016775
6c90_A	7ncy_B	0.0	0.0041763
6jc4_A	7msl_B	0.0	0.0042063
6gs2_A	6xz3_B	0.0	0.0041759
6iqt_A	7qvb_B	0.0	0.0041804
6jg8_A	7a67_B	0.0	0.0041776
7c4h_A	7dym_B	0.0	0.0041754
6c9m_A	6dkk_B	0.0	0.0043631
6sqj_A	7epa_B	0.0	0.0041836
7xoi_A	6cmk_B	0.0	0.0041976
6vpe_A	6sgf_B	0.0	0.0042018
6gh3_A	5oxz_B	0.0	0.0041841
7sj2_A	6oib_B	0.0	0.0041785
7p9k_A	6w98_B	0.0	0.0041865
7tkv_A	6igv_B	0.0	0.0042331
7lkq_A	6fju_B	0.0	0.0041914
6y7f_A	6u08_B	0.0	0.0041763
6lqo_A	7nlh_B	0.0	0.0041844
7ae6_A	7f40_B	0.0	0.0042075
6epg_A	7c4h_B	0.0	0.017312
6no6_A	6wku_B	0.0	0.0041925
6oqj_A	7nj1_B	0.0	0.00474
7dqg_A	6s33_B	0.0	0.0041957
6yxj_A	6yx5_B	0.0	0.0041855
6dlo_A	6epg_B	0.0	0.0041749
7mbw_A	6s0e_B	0.0	0.0041802
6fh1_A	6tp5_B	0.0	0.0041822
7s4a_A	6gzj_B	0.0	0.0041777
6g1c_A	7jrk_B	0.0	0.0041766
6u6r_A	6iu5_B	0.0	0.0076629
6xla_A	7al1_B	0.0	0.0041772
6i6j_A	6igx_B	0.0	0.0041969
7f9i_A	7duv_B	0.0	0.005374
6fhg_A	6gcv_B	0.0	0.0044406
6in7_A	6u81_B	0.0	0.0041796
6nx3_A	7rrm_B	0.0	0.0041736
5ze7_A	6ny5_B	0.0	0.0041799
5y4g_A	6fpf_B	0.0	0.0041767
5xsv_A	7bjg_B	0.0	0.0042391
7dma_A	7lqx_B	0.0	0.0041882
6abr_A	6y32_B	0.0	0.65824
6c0g_A	6swk_B	0.0	0.0042425
6dj3_A	6q00_B	0.0	0.0041755
7c7e_A	6dk9_B	0.0	0.0041757
6djl_A	7o2w_B	0.0	0.0044638
7ads_A	6mwl_B	0.0	0.004191
6teo_A	6npc_B	0.0	0.0041805
7cn7_A	6h4b_B	0.0	0.0041906
6w3i_A	5w6l_B	0.0	0.0041783
5wez_A	6u2u_B	0.0	0.0041737
6oht_A	7fh1_B	0.0	0.0041742
7jzk_A	7duw_B	0.0	0.0041853
6lbu_A	6zdw_B	0.0	0.0041748
6tgk_A	6jkg_B	0.0	0.0041778
6xzu_A	6rn5_B	0.0	0.0042099
7y6b_A	6fan_B	0.0	0.0047707
6l2u_A	6tdd_B	0.0	0.0041905
6tp9_A	7n88_B	0.0	0.0042527
7lqx_A	6nx5_B	0.0	0.0041792
7uh4_A	6cpd_B	0.0	0.92506
6lj9_A	6fde_B	0.0	0.0041934
6sek_A	6aef_B	0.0	0.0041757
6sbs_A	6u0i_B	0.0	0.7366
7l3l_A	6dfl_B	0.0	0.0041868
6v42_A	6p4o_B	0.0	0.0041767
6tdd_A	6ski_B	0.0	0.0041903
6e4h_A	6s08_B	0.0	0.0041746
7fh1_A	7vsi_B	0.0	0.0044813
6rmn_A	7e4m_B	0.0	0.0041792
7vg7_A	7ta3_B	0.0	0.0041815
6ohz_A	6lpi_B	0.0	0.0041773
6v6b_A	6qpq_B	0.0	0.004174
6k5s_A	6xdc_B	0.0	0.0041765
6fqr_A	5od9_B	0.0	0.0090469
7f69_A	6e4h_B	0.0	0.0041803
6j07_A	7cn7_B	0.0	0.0041741
7qoe_A	6tjd_B	0.0	0.0041805
6aik_A	6l85_B	0.0	0.0043591
6j4p_A	6cfy_B	0.0	0.0041817
7pqg_A	6h02_B	0.0	0.8772
7feo_A	5wb4_B	0.0	0.0041762
5zle_A	6leb_B	0.0	0.004183
6g2g_A	7d62_B	0.0	0.0041763
6nf4_A	7pku_B	0.0	0.0042532
7fdn_A	6lpw_B	0.0	0.0041801
6mfo_A	6ahp_B	0.0	0.0041755
6g3b_A	7s03_B	0.0	0.0041828
5xua_A	6nf3_B	0.0	0.0041829
6hv8_A	7qoe_B	0.0	0.004176
7epa_A	5nzz_B	0.0	0.0042117
6zie_A	6xmb_B	0.0	0.97481
6t4d_A	6oqj_B	0.0	0.0044274
7vcr_A	6zh1_B	0.0	0.0041781
7lga_A	6iqt_B	0.0	0.0041808
6wbe_A	6npl_B	0.0	0.0046359
5xsw_A	6dm9_B	0.0	0.0042801
6nyp_A	7e40_B	0.0	0.0041754
6nki_A	6rtw_B	0.0	0.0041737
6mbi_A	7txn_B	0.0	0.004176
7k2v_A	7u8t_B	0.0	0.0041756
6cfy_A	7o21_B	0.0	0.0041982
7cf7_A	7lv3_B	0.0	0.0041883
6wud_A	7ess_B	0.0	0.0041798
6qu1_A	7bqg_B	0.0	0.0041792
6hhk_A	6np6_B	0.0	0.0041775
6dx5_A	6ipw_B	0.0	0.0042469
7dns_A	7eme_B	0.0	0.0042428
6xfu_A	7twa_B	0.0	0.0042229
6fln_A	7ksp_B	0.0	0.0041884
7kl5_A	6db1_B	0.0	0.0042264
7el1_A	6l5h_B	0.0	0.0042039
7nxg_A	7al7_B	0.0	0.0041832
6ign_A	7k3h_B	0.0	0.011602
6ivu_A	6jq1_B	0.0	0.0058106
6h02_A	7pw9_B	0.0	0.47927
6i7s_A	6tcb_B	0.0	0.0043521
6ahw_A	7o43_B	0.0	0.0041779
6lke_A	6mlu_B	0.0	0.0041811
6yge_A	7tae_B	0.0	0.0042083
7jjv_A	6d3v_B	0.0	0.0041731
7a1i_A	7dka_B	0.0	0.0041792
6fc0_A	6fdm_B	0.0	0.004185
6cp9_A	6o15_B	0.0	0.006863
6l85_A	7k5n_B	0.0	0.0041851
6h4b_A	6tun_B	0.0	0.004181
6yxe_A	7r4m_B	0.0	0.004184
7eft_A	6rnq_B	0.0	0.0041849
7pp2_A	6dqx_B	0.0	0.0041758
7vwt_A	6s4q_B	0.0	0.0043319
6jbd_A	6wxo_B	0.0	0.0041771
7kug_A	6yhh_B	0.0	0.0042793
6j08_A	6ak3_B	0.0	0.0041763
7stl_A	7o7a_B	0.0	0.0041951
7lgn_A	7aal_B	0.0	0.0041856
6zdb_A	6gu1_B	0.0	0.010515
6o6y_A	7esw_B	0.0	0.0041779
5zc3_A	6nwx_B	0.0	0.0042202
6bk4_A	7wwb_B	0.0	0.0041816
7cv7_A	6vij_B	0.0	0.0041755
6ch3_A	7c4o_B	0.0	0.0041749
6t88_A	6ifb_B	0.0	0.0041777
7c6i_A	7o5y_B	0.0	0.010663
6gyg_A	7ads_B	0.0	0.0041822
7o43_A	6tek_B	0.0	0.004177
6sbw_A	6d2w_B	0.0	0.0041907
7ov9_A	6o38_B	0.0	0.0041814
6kkn_A	7ag9_B	0.0	0.0041773
5oxz_A	7wwn_B	0.0	0.0041746
6lk7_A	6teo_B	0.0	0.0041839
6p7m_A	5xua_B	0.0	0.0042035
6x6f_A	6vhy_B	0.0	0.0041797
6ggo_A	7ov9_B	0.0	0.0042996
6bxz_A	6k8k_B	0.0	0.060664
6od1_A	6t0q_B	0.0	0.0041908
5zi6_A	7ls0_B	0.0	0.0041864
6k95_A	6rzo_B	0.0	0.0041805
7jrk_A	6j08_B	0.0	0.0041772
6qm2_A	7amk_B	0.0	0.0041774
7f2f_A	6vzy_B	0.0	0.0042071
6wmm_A	6i1a_B	0.0	0.0041776
6bn0_A	6ncs_B	0.0	0.0041759
7dnn_A	6zdb_B	0.0	0.0042015
6p8p_A	6kun_B	0.0	0.0041887
6y32_A	7zal_B	0.0	0.0041958
6aef_A	6o2u_B	0.0	0.0041802
6cp8_A	6pfj_B	0.0	0.0041796
6z4e_A	7fdn_B	0.0	0.004176
7qe5_A	6ohz_B	0.0	0.0041956
7fcl_A	6y93_B	0.0	0.0041763
7pjo_A	7arr_B	0.0	0.0041765
6k0w_A	6yex_B	0.0	0.0041733
6ft5_A	6jt1_B	0.0	0.0041887
6lnd_A	6klh_B	0.0	0.0041761
7o21_A	6eby_B	0.0	0.0041816
6m7y_A	6aik_B	0.0	0.0041763
6k5x_A	6ya2_B	0.0	0.0041856
6su3_A	7vuf_B	0.0	0.0041825
6c3r_A	7s69_B	0.0	0.0041779
7bjg_A	7dut_B	0.0	0.0042212
6d0h_A	6wmk_B	0.0	0.004187
6ije_A	6zbk_B	0.0	0.0041855
6o7b_A	7q1u_B	0.0	0.0041857
6jsx_A	7she_B	0.0	0.0042242
7esw_A	6imj_B	0.0	0.0041748
5xqz_A	6njy_B	0.0	0.0041859
6j52_A	7dqg_B	0.0	0.46546
7s03_A	6zdt_B	0.0	0.0041786
6jyk_A	6hul_B	0.0	0.0041979
6nwx_A	6qsp_B	0.0	0.0041799
6pnp_A	6p4w_B	0.0	0.0041783
6p66_A	6i6u_B	0.0	0.011629
6lsa_A	5yad_B	0.0	0.0041856
7ksp_A	7q97_B	0.0	0.0041763
7dnu_A	6vbk_B	0.0	0.0041742
6j6f_A	7c5y_B	0.0	0.0041831
7b0w_A	7dl3_B	0.0	0.0041748
6npc_A	7cui_B	0.0	0.0041773
6gho_A	7kl7_B	0.0	0.0041821
6r5j_A	6ket_B	0.0	0.0041725
7wkw_A	7aed_B	0.0	0.0042112
6n64_A	6gho_B	0.0	0.0042875
6z7o_A	6mvu_B	0.0	0.0047614
6urq_A	7mrm_B	0.0	0.0042089
6wc3_A	6ae8_B	0.0	0.004199
6jzy_A	7rwk_B	0.0	0.0041746
6tv2_A	6qtb_B	0.0	0.0041823
6xfi_A	6yqq_B	0.0	0.0041781
6sa7_A	6xfi_B	0.0	0.0041828
6l5j_A	7oar_B	0.0	0.0041844
6uak_A	6pce_B	0.0	0.0042022
5y2z_A	6wao_B	0.0	0.0041774
6yf5_A	7ofl_B	0.0	0.0042403
6jhw_A	6le1_B	0.0	0.0041794
7rtu_A	6sn1_B	0.0	0.0041781
6iqe_A	6mg0_B	0.0	0.0046633
7k5n_A	7ai3_B	0.0	0.0041815
7czg_A	7mc5_B	0.0	0.0041787
7bgf_A	5ydd_B	0.0	0.032492
7p1j_A	7f69_B	0.0	0.0064554
6uv8_A	6xfj_B	0.0	0.0041807
5ycz_A	6onw_B	0.0	0.0041884
5zmu_A	6xiv_B	0.0	0.0041795
7d2w_A	7n1j_B	0.0	0.0041887
7jtu_A	7bgf_B	0.0	0.0042232
6e12_A	5yz1_B	0.0	0.18528
6yxq_A	6sj3_B	0.0	0.0041836
7o4e_A	6ka3_B	0.0	0.0073592
5yr0_A	7bgs_B	0.0	0.0042952
7pku_A	6gza_B	0.0	0.0041807
6yu8_A	6uak_B	0.0	0.0041752
7vjn_A	6pkh_B	0.0	0.0041779
7v4o_A	7ep3_B	0.0	0.0041772
6rm9_A	6chj_B	0.0	0.0041917
6d2w_A	6tjr_B	0.0	0.0045943
6ubl_A	7cff_B	0.0	0.0041863
6yrk_A	6qj6_B	0.0	0.0042246
6ecm_A	6od1_B	0.0	0.0041772
7wwf_A	7t8i_B	0.0	0.0041816
6t0q_A	6lg2_B	0.0	0.0041861
7crb_A	6oei_B	0.0	0.0041884
6hej_A	6w3h_B	0.0	0.0041784
7l2a_A	6a2w_B	0.0	0.0041824
7tzv_A	6j3a_B	0.0	0.004183
7jw6_A	6p3x_B	0.0	0.0041788
7p34_A	5mlq_B	0.0	0.0041842
6l8v_A	5y2z_B	0.0	0.0044912
7ai3_A	7n0z_B	0.0	0.0045172
6mx1_A	6ghc_B	0.0	0.0041962
5zkt_A	7nkz_B	0.0	0.0046589
6n2m_A	6ryi_B	0.0	0.0041746
6k4e_A	7dpe_B	0.0	0.0041854
6qpq_A	7vjo_B	0.0	0.62794
6wle_A	6w3i_B	0.0	0.0041775
7c5z_A	6ggo_B	0.0	0.0041871
6xwx_A	7kqu_B	0.0	0.0041787
7f9j_A	7d2g_B	0.0	0.0041847
6ka3_A	5zkt_B	0.0	0.0041847
6hq2_A	7sr6_B	0.0	0.0041815
5nzz_A	6gs2_B	0.0	0.0041769
6ekr_A	6z70_B	0.0	0.0041871
7c0q_A	6d1p_B	0.0	0.0041792
6xiv_A	6jjw_B	0.0	0.0041817
6r22_A	7cyl_B	0.0	0.0042071
7vkx_A	6vz0_B	0.0	0.0041839
6tdn_A	7nqk_B	0.0	0.056134
6iuf_A	7q6j_B	0.0	0.0041785
6gcv_A	6ugk_B	0.0	0.004208
6l4b_A	6k5g_B	0.0	0.0041757
6s9j_A	7drj_B	0.0	0.0041897
7tjl_A	6jzy_B	0.0	0.0042571
6nd7_A	7d34_B	0.0	0.0041737
7emy_A	7vu7_B	0.0	0.0041856
5yug_A	7adk_B	0.0	0.0041844
6lhs_A	6efn_B	0.0	0.0041758
7duv_A	6sws_B	0.0	0.0041799
6uxq_A	6cbc_B	0.0	0.0043419
7dn8_A	6j4p_B	0.0	0.0041778
6ns4_A	6hat_B	0.0	0.0041778
7n1n_A	7dfe_B	0.0	0.0042028
6ksy_A	6mfo_B	0.0	0.0041753
7cm9_A	7au2_B	0.0	0.004201
6xgw_A	6dxr_B	0.0	0.0041917
6k8k_A	6cmv_B	0.0	0.028795
6xb6_A	7kfk_B	0.0	0.0042145
6ahp_A	7qih_B	0.0	0.0041779
6izv_A	6ulw_B	0.0	0.0041818
6v45_A	6xla_B	0.0	0.004179
6ecw_A	6vbb_B	0.0	0.0041789
6ae9_A	6y7f_B	0.0	0.0041773
6vhh_A	7c7s_B	0.0	0.0042578
6xgz_A	6l5j_B	0.0	0.0050489
7eqx_A	6jiw_B	0.0	0.0041783
6rfg_A	7vg7_B	0.0	0.85527
6s0e_A	6pi4_B	0.0	0.0042382
7eqe_A	6cp8_B	0.0	0.0041932
6isk_A	7lht_B	0.0	0.0068085
7ep7_A	6w6b_B	0.0	0.0041805
7vw0_A	6m4f_B	0.0	0.45343
7k3s_A	6v7u_B	0.0	0.004176
6n4x_A	6sek_B	0.0	0.0041806
6qwo_A	6p66_B	0.0	0.0041752
6a4v_A	5zne_B	0.0	0.0041935
6tl8_A	6hxa_B	0.0	0.0041809
6p74_A	6b9o_B	0.0	0.0041781
7sb2_A	6zi1_B	0.0	0.004198
6oei_A	7xoi_B	0.0	0.0042171
6nf3_A	7lga_B	0.0	0.0041789
7oyk_A	6lta_B	0.0	0.0084443
7nqk_A	6qvp_B	0.0	0.0041845
6rk1_A	7f9h_B	0.0	0.0041854
6oqq_A	6fg9_B	0.0	0.0041806
7vo4_A	7dn8_B	0.0	0.0041826
6z70_A	6j6a_B	0.0	0.0041908
6bqc_A	7p9p_B	0.0	0.011623
6o38_A	6tgp_B	0.0	0.0041756
5zfk_A	7fiw_B	0.0	0.0041791
7vsi_A	5w4a_B	0.0	0.004212
5xxz_A	7ut4_B	0.0	0.0041946
6pgv_A	6hej_B	0.0	0.0041757
7mwa_A	7v6p_B	0.0	0.0041806
6pi4_A	6ea8_B	0.0	0.029878
6yhh_A	7lq2_B	0.0	0.0042118
7dka_A	7ajl_B	0.0	0.0041794
7v2v_A	6dm3_B	0.0	0.0041898
6qup_A	7epq_B	0.0	0.004175
7t7i_A	7nb0_B	0.0	0.0041748
6lxx_A	6hsd_B	0.0	0.0041757
6ltz_A	6nus_B	0.0	0.0041756
7ct3_A	7bil_B	0.0	0.0041747
7eev_A	6lul_B	0.0	0.0041805
7f52_A	6fqb_B	0.0	0.0041784
6if6_A	5ytq_B	0.0	0.0041783
6s4q_A	6xf1_B	0.0	0.0042133
6ihj_A	6sa9_B	0.0	0.34743
7o61_A	5znm_B	0.0	0.0044659
5z51_A	7dma_B	0.0	0.0048254
7qla_A	6t88_B	0.0	0.0041758
7wsj_A	6ys4_B	0.0	0.0047868
6z26_A	6iqe_B	0.0	0.0042203
7aed_A	7e2r_B	0.0	0.0041973
5yz1_A	6a2u_B	0.0	0.0041802
7pvh_A	6ae9_B	0.0	0.0041758
6pqx_A	7b0w_B	0.0	0.0041762
6osw_A	6c6n_B	0.0	0.0041782
6rzo_A	6yt3_B	0.0	0.0042076
7c5y_A	7elc_B	0.0	0.0041805
6igv_A	6yxa_B	0.0	0.0042148
6hlu_A	6ecm_B	0.0	0.0041793
6sm4_A	7vw0_B	0.0	0.014201
6rpt_A	5yr0_B	0.0	0.0041813
7ubz_A	7vb4_B	0.0	0.0041747
7tj4_A	7r5y_B	0.0	0.0041778
6vzf_A	6bxz_B	0.0	0.0042281
7b2b_A	5zh8_B	0.0	0.0042339
7e8j_A	7ci1_B	0.0	0.004177
7au2_A	6m49_B	0.0	0.0041853
7cma_A	7jx6_B	0.0	0.49363
6jsd_A	7nz9_B	0.0	0.0041789
7kl7_A	6yub_B	0.0	0.0041777
6sib_A	6fnn_B	0.0	0.0042083
7n88_A	7t8o_B	0.0	0.0041814
7u2s_A	7pvh_B	0.0	0.0041749
7e2r_A	7e8j_B	0.0	0.0041747
7n0e_A	6xod_B	0.0	0.0041861
6xm1_A	6d0h_B	0.0	0.0041805
6j6a_A	7a0h_B	0.0	0.0041746
6n63_A	6gh3_B	0.0	0.0042013
7kc4_A	5zi6_B	0.0	0.0041894
7nj1_A	5z5k_B	0.0	0.004173
7cik_A	6rs4_B	0.0	0.0041791
6gf8_A	6ksy_B	0.0	0.0041745
5wb4_A	6ur7_B	0.0	0.0041794
7dwm_A	6ytu_B	0.0	0.0041856
6n7m_A	6nki_B	0.0	0.0042019
7tzh_A	7ebs_B	0.0	0.004176
7ncy_A	7dvn_B	0.0	0.0041786
6iya_A	6no6_B	0.0	0.0042085
6dm3_A	7lgn_B	0.0	0.0041899
6mxv_A	6p2r_B	0.0	0.0043228
6xrb_A	6efy_B	0.0	0.0041827
6hxv_A	6psy_B	0.0	0.0041764
7dvn_A	6p1e_B	0.0	0.0042082
6fp5_A	6qaj_B	0.0	0.0041804
7pty_A	6wlg_B	0.0	0.0041771
6k62_A	7f52_B	0.0	0.0041757
6g7b_A	6j0y_B	0.0	0.0041784
6tdm_A	6u6r_B	0.0	0.0041888
6gza_A	7vgg_B	0.0	0.0041836
7oix_A	7sb2_B	0.0	0.0041997
7m4m_A	7blf_B	0.0	0.0041792
6rn5_A	6xig_B	0.0	0.0041795
7e2h_A	6ahw_B	0.0	0.0041773
6hcz_A	6j9r_B	0.0	0.0041802
7cnb_A	6n7m_B	0.0	0.0042462
6kew_A	6fqr_B	0.0	0.0041773
6pal_A	6mgv_B	0.0	0.0041802
6sn1_A	7lkq_B	0.0	0.0041845
7s69_A	6yfi_B	0.0	0.0041815
7dpe_A	5xvj_B	0.0	0.0041763
7lu4_A	7cv7_B	0.0	0.0041826
6db1_A	7mrj_B	0.0	0.0043568
7ci1_A	6pnp_B	0.0	0.0041819
6m31_A	7fcl_B	0.0	0.0041952
7bcb_A	7mbw_B	0.0	0.037211
6p4o_A	7ocz_B	0.0	0.0046085
6fxa_A	5ze7_B	0.0	0.0041851
6j8l_A	6nnw_B	0.0	0.004243
6i1r_A	6a7s_B	0.0	0.0041773
6q2z_A	6wmm_B	0.0	0.0043054
5z5o_A	6mud_B	0.0	0.0078342
7fiw_A	6fln_B	0.0	0.0041783
7b6b_A	5ow2_B	0.0	0.0044532
7lc1_A	6rrk_B	0.0	0.0042634
7txn_A	7kl5_B	0.0	0.004182
6ae8_A	6tgk_B	0.0	0.0041791
6htj_A	7lre_B	0.0	0.0041799
6xdc_A	6w2l_B	0.0	0.0041758
7da9_A	7br1_B	0.0	0.004198
6tcb_A	6vgo_B	0.0	0.0042462
6gup_A	6sbs_B	0.0	0.0041816
6ms4_A	6ggr_B	0.0	0.0041771
6yx5_A	6a0n_B	0.0	0.0077822
6fco_A	7cu9_B	0.0	0.0041805
6j9k_A	5zle_B	0.0	0.0041798
6r45_A	7sde_B	0.0	0.0041757
6y93_A	6iih_B	0.0	0.0041912
6efy_A	6wk3_B	0.0	0.0042206
6dqx_A	7bji_B	0.0	0.0041816
6wku_A	6hiu_B	0.0	0.0042176
6okh_A	6h40_B	0.0	0.0041964
6fde_A	7shq_B	0.0	0.2263
6w2l_A	6hv8_B	0.0	0.0041803
6jjw_A	7agw_B	0.0	0.93119
6qti_A	7ev8_B	0.0	0.0041783
6ak3_A	7p1j_B	0.0	0.007732
7rwk_A	6urq_B	0.0	0.0041769
7duf_A	6h59_B	0.0	0.0041791
7elc_A	6gtq_B	0.0	0.0041837
7vb4_A	6wt5_B	0.0	0.0041764
7qih_A	6ifo_B	0.0	0.0041786
6p7j_A	7cnb_B	0.0	0.0041934
6xor_A	6j9k_B	0.0	0.0043393
6h9n_A	6dt7_B	0.0	0.0041763
6mlu_A	7cm9_B	0.0	0.0041828
6h8f_A	6nd7_B	0.0	0.0043719
6u8t_A	6jpl_B	0.0	0.0041772
6yjd_A	6wud_B	0.0	0.0042292
5zne_A	6vpe_B	0.0	0.0041826
6m49_A	6y4l_B	0.0	0.0041791
6hqz_A	7c67_B	0.0	0.0041803
7cbs_A	6gh8_B	0.0	0.019427
7bp3_A	6gdj_B	0.0	0.0041974
7zal_A	7c6i_B	0.0	0.0044111
6tp5_A	7uh4_B	0.0	0.0041872
6nag_A	6m3i_B	0.0	0.0041799
7l49_A	6lbu_B	0.0	0.0041777
7a0h_A	7p34_B	0.0	0.0042418
6sid_A	6al9_B	0.0	0.0041767
6ryd_A	6lsa_B	0.0	0.0043429
6jd6_A	6w9r_B	0.0	0.004181
6hwl_A	6vri_B	0.0	0.0041768
6u81_A	7ay0_B	0.0	0.0041745
6yk8_A	7vcr_B	0.0	0.0041756
6tun_A	6p1a_B	0.0	0.0041767
5ow2_A	6k62_B	0.0	0.0041875
6onb_A	6r45_B	0.0	0.0041929
6m6s_A	7eqe_B	0.0	0.0041783
6tjr_A	7eft_B	0.0	0.0041809
7ped_A	6fh4_B	0.0	0.004192
6eg7_A	6gf8_B	0.0	0.0041749
6l3q_A	7nxg_B	0.0	0.0041818
7d2g_A	6h6o_B	0.0	0.0041796
6dt7_A	6n2u_B	0.0	0.0042294
5ya6_A	5yek_B	0.0	0.0041786
6wt5_A	6l4b_B	0.0	0.0041771
7nto_A	6mag_B	0.0	0.0041746
6ea8_A	7f7p_B	0.0	0.0041784
6wsm_A	6imf_B	0.0	0.0041954
7aal_A	6hbz_B	0.0	0.28531
7duw_A	7ccb_B	0.0	0.0041779
5xll_A	6hxv_B	0.0	0.0041774
7acw_A	5yug_B	0.0	0.0041727
7ls0_A	5wec_B	0.0	0.004178
7jqd_A	5y7d_B	0.0	0.0041776
7wa4_A	7s9v_B	0.0	0.0041758
6sj3_A	6g1c_B	0.0	0.0041833
